Product Handle,Product Title,Required Size,Current Status
crimson-shade,Crimson Shade,24x36,MISSING
crimson-shade,Crimson Shade,36x48,MISSING
crimson-shade,Crimson Shade,53x72,MISSING
crystalline-blue,Crystalline Blue,24x36,MISSING
crystalline-blue,Crystalline Blue,36x48,MISSING
crystalline-blue,Crystalline Blue,53x72,MISSING
dark-kimono,Dark Kimono,24x36,MISSING
dark-kimono,Dark Kimono,36x48,MISSING
dark-kimono,Dark Kimono,53x72,MISSING
deep-echoes,Deep Echoes,24x36,MISSING
deep-echoes,Deep Echoes,36x48,MISSING
deep-echoes,Deep Echoes,53x72,MISSING
earth-echoes,Earth Echoes,24x36,MISSING
earth-echoes,Earth Echoes,36x48,MISSING
earth-echoes,Earth Echoes,53x72,MISSING
earthy-kimono,Earthy Kimono,24x36,MISSING
earthy-kimono,Earthy Kimono,36x48,MISSING
earthy-kimono,Earthy Kimono,53x72,MISSING
earthy-shade,Earthy Shade,24x36,MISSING
earthy-shade,Earthy Shade,36x48,MISSING
earthy-shade,Earthy Shade,53x72,MISSING
earthy-weave,Earthy Weave,24x36,MISSING
earthy-weave,Earthy Weave,36x48,MISSING
earthy-weave,Earthy Weave,53x72,MISSING
emerald-echoes,Emerald Echoes,24x36,MISSING
emerald-echoes,Emerald Echoes,36x48,MISSING
emerald-echoes,Emerald Echoes,53x72,MISSING
emerald-shade,Emerald Shade,24x36,MISSING
emerald-shade,Emerald Shade,36x48,MISSING
emerald-shade,Emerald Shade,53x72,MISSING
festive-patterns-no1,Festive Patterns no1,24x36,MISSING
festive-patterns-no1,Festive Patterns no1,36x48,MISSING
festive-patterns-no1,Festive Patterns no1,53x72,MISSING
festive-patterns-no2,Festive Patterns no2,24x36,MISSING
festive-patterns-no2,Festive Patterns no2,36x48,MISSING
festive-patterns-no2,Festive Patterns no2,53x72,MISSING
festive-patterns-no3,Festive Patterns no3,24x36,MISSING
festive-patterns-no3,Festive Patterns no3,36x48,MISSING
festive-patterns-no3,Festive Patterns no3,53x72,MISSING
fractal-color-dark,Fractal Color Dark,24x36,MISSING
fractal-color-dark,Fractal Color Dark,36x48,MISSING
fractal-color-dark,Fractal Color Dark,53x72,MISSING
fractal-color-dark-double,Fractal Color Dark Double,24x36,MISSING
fractal-color-dark-double,Fractal Color Dark Double,36x48,MISSING
fractal-color-dark-double,Fractal Color Dark Double,53x72,MISSING
fractal-color-light,Fractal Color Light,24x36,MISSING
fractal-color-light,Fractal Color Light,36x48,MISSING
fractal-color-light,Fractal Color Light,53x72,MISSING
fractal-color-red,Fractal Color Red,24x36,MISSING
fractal-color-red,Fractal Color Red,36x48,MISSING
fractal-color-red,Fractal Color Red,53x72,MISSING
fractal-double-red,Fractal Double Red,24x36,MISSING
fractal-double-red,Fractal Double Red,36x48,MISSING
fractal-double-red,Fractal Double Red,53x72,MISSING
fractal-noir,Fractal Noir,24x36,MISSING
fractal-noir,Fractal Noir,36x48,MISSING
fractal-noir,Fractal Noir,53x72,MISSING
fractal-noir-double,Fractal Noir Double,24x36,MISSING
fractal-noir-double,Fractal Noir Double,36x48,MISSING
fractal-noir-double,Fractal Noir Double,53x72,MISSING
intersecting-perspectives-no2,Intersecting Perspectives No2,24x36,MISSING
intersecting-perspectives-no2,Intersecting Perspectives No2,36x48,MISSING
intersecting-perspectives-no2,Intersecting Perspectives No2,53x72,MISSING
intersecting-perspectives-no3,Intersecting Perspectives No3,24x36,MISSING
intersecting-perspectives-no3,Intersecting Perspectives No3,36x48,MISSING
intersecting-perspectives-no3,Intersecting Perspectives No3,53x72,MISSING
monochrome-kimono,Monochrome Kimono,24x36,MISSING
monochrome-kimono,Monochrome Kimono,36x48,MISSING
monochrome-kimono,Monochrome Kimono,53x72,MISSING
noir-echoes,Noir Echoes,24x36,MISSING
noir-echoes,Noir Echoes,36x48,MISSING
noir-echoes,Noir Echoes,53x72,MISSING
noir-mosaic-no1,Noir Mosaic no1,24x36,MISSING
noir-mosaic-no1,Noir Mosaic no1,36x48,MISSING
noir-mosaic-no1,Noir Mosaic no1,53x72,MISSING
noir-mosaic-no2,Noir Mosaic no2,24x36,MISSING
noir-mosaic-no2,Noir Mosaic no2,36x48,MISSING
noir-mosaic-no2,Noir Mosaic no2,53x72,MISSING
noir-mosaic-no3,Noir Mosaic no3,24x36,MISSING
noir-mosaic-no3,Noir Mosaic no3,36x48,MISSING
noir-mosaic-no3,Noir Mosaic no3,53x72,MISSING
noir-shade,Noir Shade,24x36,MISSING
noir-shade,Noir Shade,36x48,MISSING
noir-shade,Noir Shade,53x72,MISSING
noir-structures,Noir Structures,24x36,MISSING
noir-structures,Noir Structures,36x48,MISSING
noir-structures,Noir Structures,53x72,MISSING
noir-weave,Noir Weave,24x36,MISSING
noir-weave,Noir Weave,36x48,MISSING
noir-weave,Noir Weave,53x72,MISSING
olive-weave,Olive Weave,24x36,MISSING
olive-weave,Olive Weave,36x48,MISSING
olive-weave,Olive Weave,53x72,MISSING
parallelogram-illusion-no1,Parallelogram Illusion no1,24x36,MISSING
parallelogram-illusion-no1,Parallelogram Illusion no1,36x48,MISSING
parallelogram-illusion-no1,Parallelogram Illusion no1,53x72,MISSING
parallelogram-illusion-no2,Parallelogram Illusion no2,24x36,MISSING
parallelogram-illusion-no2,Parallelogram Illusion no2,36x48,MISSING
parallelogram-illusion-no2,Parallelogram Illusion no2,53x72,MISSING
pink-weave,Pink Weave,24x36,MISSING
pink-weave,Pink Weave,36x48,MISSING
pink-weave,Pink Weave,53x72,MISSING
primary-hue,Primary Hue,24x36,MISSING
primary-hue,Primary Hue,36x48,MISSING
primary-hue,Primary Hue,53x72,MISSING
prismatic-warmth,Prismatic Warmth,24x36,MISSING
prismatic-warmth,Prismatic Warmth,36x48,MISSING
prismatic-warmth,Prismatic Warmth,53x72,MISSING
purple-shade,Purple Shade,24x36,MISSING
purple-shade,Purple Shade,36x48,MISSING
purple-shade,Purple Shade,53x72,MISSING
red-kimono,Red Kimono,24x36,MISSING
red-kimono,Red Kimono,36x48,MISSING
red-kimono,Red Kimono,53x72,MISSING
royal-kimono,Royal Kimono,24x36,MISSING
royal-kimono,Royal Kimono,36x48,MISSING
royal-kimono,Royal Kimono,53x72,MISSING
royal-shade,Royal Shade,24x36,MISSING
royal-shade,Royal Shade,36x48,MISSING
royal-shade,Royal Shade,53x72,MISSING
rusty-shade,Rusty Shade,24x36,MISSING
rusty-shade,Rusty Shade,36x48,MISSING
rusty-shade,Rusty Shade,53x72,MISSING
space-form-no1,Space & Form no1,24x36,MISSING
space-form-no1,Space & Form no1,36x48,MISSING
space-form-no1,Space & Form no1,53x72,MISSING
space-form-no2,Space & Form no2,24x36,MISSING
space-form-no2,Space & Form no2,36x48,MISSING
space-form-no2,Space & Form no2,53x72,MISSING
space-form-no3,Space & Form no3,24x36,MISSING
space-form-no3,Space & Form no3,36x48,MISSING
space-form-no3,Space & Form no3,53x72,MISSING
space-form-no4,Space & Form no4,24x36,MISSING
space-form-no4,Space & Form no4,36x48,MISSING
space-form-no4,Space & Form no4,53x72,MISSING
structured-noir-no1,Structured Noir no1,24x36,MISSING
structured-noir-no1,Structured Noir no1,36x48,MISSING
structured-noir-no1,Structured Noir no1,53x72,MISSING
structured-noir-no2,Structured Noir no2,24x36,MISSING
structured-noir-no2,Structured Noir no2,36x48,MISSING
structured-noir-no2,Structured Noir no2,53x72,MISSING
teal-earth,Teal Earth,24x36,MISSING
teal-earth,Teal Earth,36x48,MISSING
teal-earth,Teal Earth,53x72,MISSING
teal-kimono,Teal Kimono,24x36,MISSING
teal-kimono,Teal Kimono,36x48,MISSING
teal-kimono,Teal Kimono,53x72,MISSING
textured-noir-no1,Textured Noir no1,24x36,MISSING
textured-noir-no1,Textured Noir no1,36x48,MISSING
textured-noir-no1,Textured Noir no1,53x72,MISSING
textured-royal-no1,Textured Royal no1,24x36,MISSING
textured-royal-no1,Textured Royal no1,36x48,MISSING
textured-royal-no1,Textured Royal no1,53x72,MISSING
untiled-n011,Intersecting Perspectives No1,24x36,MISSING
untiled-n011,Intersecting Perspectives No1,36x48,MISSING
untiled-n011,Intersecting Perspectives No1,53x72,MISSING
verdant-layers,Structured Emerald No3,24x36,MISSING
verdant-layers,Structured Emerald No3,36x48,MISSING
verdant-layers,Structured Emerald No3,53x72,MISSING
vista-echoes,Vista Echoes,24x36,MISSING
vista-echoes,Vista Echoes,36x48,MISSING
vista-echoes,Vista Echoes,53x72,MISSING
vivid-mosaic-no1,Vivid Mosaic no1,24x36,MISSING
vivid-mosaic-no1,Vivid Mosaic no1,36x48,MISSING
vivid-mosaic-no1,Vivid Mosaic no1,53x72,MISSING
vivid-mosaic-no2,Vivid Mosaic no2,24x36,MISSING
vivid-mosaic-no2,Vivid Mosaic no2,36x48,MISSING
vivid-mosaic-no2,Vivid Mosaic no2,53x72,MISSING
vivid-mosaic-no3,Vivid Mosaic no3,24x36,MISSING
vivid-mosaic-no3,Vivid Mosaic no3,36x48,MISSING
vivid-mosaic-no3,Vivid Mosaic no3,53x72,MISSING
vivid-mosaic-no4,Vivid Mosaic no4,24x36,MISSING
vivid-mosaic-no4,Vivid Mosaic no4,36x48,MISSING
vivid-mosaic-no4,Vivid Mosaic no4,53x72,MISSING
vivid-mosaic-no5,Vivid Mosaic no5,24x36,MISSING
vivid-mosaic-no5,Vivid Mosaic no5,36x48,MISSING
vivid-mosaic-no5,Vivid Mosaic no5,53x72,MISSING
vivid-mosaic-no6,Vivid Mosaic No6,24x36,MISSING
vivid-mosaic-no6,Vivid Mosaic No6,36x48,MISSING
vivid-mosaic-no6,Vivid Mosaic No6,53x72,MISSING
vivid-mosaic-no7,Vivid Mosaic no7,24x36,MISSING
vivid-mosaic-no7,Vivid Mosaic no7,36x48,MISSING
vivid-mosaic-no7,Vivid Mosaic no7,53x72,MISSING
