Handle,Size,Finish,Variant Image URL
intersecting-perspectives-no3,24x36,Gallery Wrapped Stretched Canvas,https://cdn.shopify.com/s/files/1/0785/1504/4639/files/intersecting_perspectives_no3_wall_mockup_24x36.png?v=1750000000
intersecting-perspectives-no3,36x48,Gallery Wrapped Stretched Canvas,https://cdn.shopify.com/s/files/1/0785/1504/4639/files/intersecting_perspectives_no3_wall_mockup_36x48.png?v=1750000000
intersecting-perspectives-no3,53x72,Gallery Wrapped Stretched Canvas,https://cdn.shopify.com/s/files/1/0785/1504/4639/files/intersecting_perspectives_no3_wall_mockup_53x72.png?v=1750000000
intersecting-perspectives-no2,24x36,Gallery Wrapped Stretched Canvas,https://cdn.shopify.com/s/files/1/0785/1504/4639/files/intersecting_perspectives_no2_wall_mockup_24x36.png?v=1750000000
intersecting-perspectives-no2,36x48,Gallery Wrapped Stretched Canvas,https://cdn.shopify.com/s/files/1/0785/1504/4639/files/intersecting_perspectives_no2_wall_mockup_36x48.png?v=1750000000
intersecting-perspectives-no2,53x72,Gallery Wrapped Stretched Canvas,https://cdn.shopify.com/s/files/1/0785/1504/4639/files/intersecting_perspectives_no2_wall_mockup_53x72.png?v=1750000000
untiled-n011,24x36,Gallery Wrapped Stretched Canvas,https://cdn.shopify.com/s/files/1/0785/1504/4639/files/untiled_n011_wall_mockup_24x36.png?v=1750000000
untiled-n011,36x48,Gallery Wrapped Stretched Canvas,https://cdn.shopify.com/s/files/1/0785/1504/4639/files/untiled_n011_wall_mockup_36x48.png?v=1750000000
untiled-n011,53x72,Gallery Wrapped Stretched Canvas,https://cdn.shopify.com/s/files/1/0785/1504/4639/files/untiled_n011_wall_mockup_53x72.png?v=1750000000
deep-echoes,53x72,Gallery Wrapped Stretched Canvas,https://cdn.shopify.com/s/files/1/0785/1504/4639/files/deep_echoes_wall_mockup_53x72.png?v=1750000000
deep-echoes,24x36,Gallery Wrapped Stretched Canvas,https://cdn.shopify.com/s/files/1/0785/1504/4639/files/deep_echoes_wall_mockup_24x36.png?v=1750000000
deep-echoes,36x48,Gallery Wrapped Stretched Canvas,https://cdn.shopify.com/s/files/1/0785/1504/4639/files/deep_echoes_wall_mockup_36x48.png?v=1750000000
space-form-no4,53x72,Gallery Wrapped Stretched Canvas,https://cdn.shopify.com/s/files/1/0785/1504/4639/files/space_form_no4_wall_mockup_53x72.png?v=1750000000
space-form-no4,24x36,Gallery Wrapped Stretched Canvas,https://cdn.shopify.com/s/files/1/0785/1504/4639/files/space_form_no4_wall_mockup_24x36.png?v=1750000000
space-form-no4,36x48,Gallery Wrapped Stretched Canvas,https://cdn.shopify.com/s/files/1/0785/1504/4639/files/space_form_no4_wall_mockup_36x48.png?v=1750000000
vista-echoes,24x36,Gallery Wrapped Stretched Canvas,https://cdn.shopify.com/s/files/1/0785/1504/4639/files/vista_echoes_wall_mockup_24x36.png?v=1750000000
vista-echoes,36x48,Gallery Wrapped Stretched Canvas,https://cdn.shopify.com/s/files/1/0785/1504/4639/files/vista_echoes_wall_mockup_36x48.png?v=1750000000
vista-echoes,53x72,Gallery Wrapped Stretched Canvas,https://cdn.shopify.com/s/files/1/0785/1504/4639/files/vista_echoes_wall_mockup_53x72.png?v=1750000000
noir-echoes,53x72,Gallery Wrapped Stretched Canvas,https://cdn.shopify.com/s/files/1/0785/1504/4639/files/noir_echoes_wall_mockup_53x72.png?v=1750000000
noir-echoes,24x36,Gallery Wrapped Stretched Canvas,https://cdn.shopify.com/s/files/1/0785/1504/4639/files/noir_echoes_wall_mockup_24x36.png?v=1750000000
noir-echoes,36x48,Gallery Wrapped Stretched Canvas,https://cdn.shopify.com/s/files/1/0785/1504/4639/files/noir_echoes_wall_mockup_36x48.png?v=1750000000
emerald-echoes,53x72,Gallery Wrapped Stretched Canvas,https://cdn.shopify.com/s/files/1/0785/1504/4639/files/emerald_echoes_wall_mockup_53x72.png?v=1750000000
emerald-echoes,24x36,Gallery Wrapped Stretched Canvas,https://cdn.shopify.com/s/files/1/0785/1504/4639/files/emerald_echoes_wall_mockup_24x36.png?v=1750000000
emerald-echoes,36x48,Gallery Wrapped Stretched Canvas,https://cdn.shopify.com/s/files/1/0785/1504/4639/files/emerald_echoes_wall_mockup_36x48.png?v=1750000000
earth-echoes,24x36,Gallery Wrapped Stretched Canvas,https://cdn.shopify.com/s/files/1/0785/1504/4639/files/earth_echoes_wall_mockup_24x36.png?v=1750000000
earth-echoes,36x48,Gallery Wrapped Stretched Canvas,https://cdn.shopify.com/s/files/1/0785/1504/4639/files/earth_echoes_wall_mockup_36x48.png?v=1750000000
earth-echoes,53x72,Gallery Wrapped Stretched Canvas,https://cdn.shopify.com/s/files/1/0785/1504/4639/files/earth_echoes_wall_mockup_53x72.png?v=1750000000
space-form-no3,24x36,Gallery Wrapped Stretched Canvas,https://cdn.shopify.com/s/files/1/0785/1504/4639/files/space_form_no3_wall_mockup_24x36.png?v=1750000000
space-form-no3,36x48,Gallery Wrapped Stretched Canvas,https://cdn.shopify.com/s/files/1/0785/1504/4639/files/space_form_no3_wall_mockup_36x48.png?v=1750000000
space-form-no3,53x72,Gallery Wrapped Stretched Canvas,https://cdn.shopify.com/s/files/1/0785/1504/4639/files/space_form_no3_wall_mockup_53x72.png?v=1750000000
space-form-no2,24x36,Gallery Wrapped Stretched Canvas,https://cdn.shopify.com/s/files/1/0785/1504/4639/files/space_form_no2_wall_mockup_24x36.png?v=1750000000
space-form-no2,36x48,Gallery Wrapped Stretched Canvas,https://cdn.shopify.com/s/files/1/0785/1504/4639/files/space_form_no2_wall_mockup_36x48.png?v=1750000000
space-form-no2,53x72,Gallery Wrapped Stretched Canvas,https://cdn.shopify.com/s/files/1/0785/1504/4639/files/space_form_no2_wall_mockup_53x72.png?v=1750000000
space-form-no1,24x36,Gallery Wrapped Stretched Canvas,https://cdn.shopify.com/s/files/1/0785/1504/4639/files/space_form_no1_wall_mockup_24x36.png?v=1750000000
space-form-no1,36x48,Gallery Wrapped Stretched Canvas,https://cdn.shopify.com/s/files/1/0785/1504/4639/files/space_form_no1_wall_mockup_36x48.png?v=1750000000
space-form-no1,53x72,Gallery Wrapped Stretched Canvas,https://cdn.shopify.com/s/files/1/0785/1504/4639/files/space_form_no1_wall_mockup_53x72.png?v=1750000000
noir-structures,24x36,Gallery Wrapped Stretched Canvas,https://cdn.shopify.com/s/files/1/0785/1504/4639/files/noir_structures_wall_mockup_24x36.png?v=1750000000
noir-structures,36x48,Gallery Wrapped Stretched Canvas,https://cdn.shopify.com/s/files/1/0785/1504/4639/files/noir_structures_wall_mockup_36x48.png?v=1750000000
noir-structures,53x72,Gallery Wrapped Stretched Canvas,https://cdn.shopify.com/s/files/1/0785/1504/4639/files/noir_structures_wall_mockup_53x72.png?v=1750000000
teal-earth,24x36,Gallery Wrapped Stretched Canvas,https://cdn.shopify.com/s/files/1/0785/1504/4639/files/teal_earth_wall_mockup_24x36.png?v=1750000000
teal-earth,36x48,Gallery Wrapped Stretched Canvas,https://cdn.shopify.com/s/files/1/0785/1504/4639/files/teal_earth_wall_mockup_36x48.png?v=1750000000
teal-earth,53x72,Gallery Wrapped Stretched Canvas,https://cdn.shopify.com/s/files/1/0785/1504/4639/files/teal_earth_wall_mockup_53x72.png?v=1750000000
primary-hue,24x36,Gallery Wrapped Stretched Canvas,https://cdn.shopify.com/s/files/1/0785/1504/4639/files/primary_hue_wall_mockup_24x36.png?v=1750000000
primary-hue,36x48,Gallery Wrapped Stretched Canvas,https://cdn.shopify.com/s/files/1/0785/1504/4639/files/primary_hue_wall_mockup_36x48.png?v=1750000000
primary-hue,53x72,Gallery Wrapped Stretched Canvas,https://cdn.shopify.com/s/files/1/0785/1504/4639/files/primary_hue_wall_mockup_53x72.png?v=1750000000
textured-noir-no1,24x36,Gallery Wrapped Stretched Canvas,https://cdn.shopify.com/s/files/1/0785/1504/4639/files/textured_noir_no1_wall_mockup_24x36.png?v=1750000000
textured-noir-no1,36x48,Gallery Wrapped Stretched Canvas,https://cdn.shopify.com/s/files/1/0785/1504/4639/files/textured_noir_no1_wall_mockup_36x48.png?v=1750000000
textured-noir-no1,53x72,Gallery Wrapped Stretched Canvas,https://cdn.shopify.com/s/files/1/0785/1504/4639/files/textured_noir_no1_wall_mockup_53x72.png?v=1750000000
textured-royal-no1,24x36,Gallery Wrapped Stretched Canvas,https://cdn.shopify.com/s/files/1/0785/1504/4639/files/textured_royal_no1_wall_mockup_24x36.png?v=1750000000
textured-royal-no1,36x48,Gallery Wrapped Stretched Canvas,https://cdn.shopify.com/s/files/1/0785/1504/4639/files/textured_royal_no1_wall_mockup_36x48.png?v=1750000000
textured-royal-no1,53x72,Gallery Wrapped Stretched Canvas,https://cdn.shopify.com/s/files/1/0785/1504/4639/files/textured_royal_no1_wall_mockup_53x72.png?v=1750000000
noir-shade,24x36,Gallery Wrapped Stretched Canvas,https://cdn.shopify.com/s/files/1/0785/1504/4639/files/noir_shade_wall_mockup_24x36.png?v=1750000000
noir-shade,36x48,Gallery Wrapped Stretched Canvas,https://cdn.shopify.com/s/files/1/0785/1504/4639/files/noir_shade_wall_mockup_36x48.png?v=1750000000
noir-shade,53x72,Gallery Wrapped Stretched Canvas,https://cdn.shopify.com/s/files/1/0785/1504/4639/files/noir_shade_wall_mockup_53x72.png?v=1750000000
royal-shade,24x36,Gallery Wrapped Stretched Canvas,https://cdn.shopify.com/s/files/1/0785/1504/4639/files/royal_shade_wall_mockup_24x36.png?v=1750000000
royal-shade,36x48,Gallery Wrapped Stretched Canvas,https://cdn.shopify.com/s/files/1/0785/1504/4639/files/royal_shade_wall_mockup_36x48.png?v=1750000000
royal-shade,53x72,Gallery Wrapped Stretched Canvas,https://cdn.shopify.com/s/files/1/0785/1504/4639/files/royal_shade_wall_mockup_53x72.png?v=1750000000
crimson-shade,24x36,Gallery Wrapped Stretched Canvas,https://cdn.shopify.com/s/files/1/0785/1504/4639/files/crimson_shade_wall_mockup_24x36.png?v=1750000000
crimson-shade,36x48,Gallery Wrapped Stretched Canvas,https://cdn.shopify.com/s/files/1/0785/1504/4639/files/crimson_shade_wall_mockup_36x48.png?v=1750000000
crimson-shade,53x72,Gallery Wrapped Stretched Canvas,https://cdn.shopify.com/s/files/1/0785/1504/4639/files/crimson_shade_wall_mockup_53x72.png?v=1750000000
rusty-shade,24x36,Gallery Wrapped Stretched Canvas,https://cdn.shopify.com/s/files/1/0785/1504/4639/files/rusty_shade_wall_mockup_24x36.png?v=1750000000
rusty-shade,36x48,Gallery Wrapped Stretched Canvas,https://cdn.shopify.com/s/files/1/0785/1504/4639/files/rusty_shade_wall_mockup_36x48.png?v=1750000000
rusty-shade,53x72,Gallery Wrapped Stretched Canvas,https://cdn.shopify.com/s/files/1/0785/1504/4639/files/rusty_shade_wall_mockup_53x72.png?v=1750000000
earthy-shade,24x36,Gallery Wrapped Stretched Canvas,https://cdn.shopify.com/s/files/1/0785/1504/4639/files/earthy_shade_wall_mockup_24x36.png?v=1750000000
earthy-shade,36x48,Gallery Wrapped Stretched Canvas,https://cdn.shopify.com/s/files/1/0785/1504/4639/files/earthy_shade_wall_mockup_36x48.png?v=1750000000
earthy-shade,53x72,Gallery Wrapped Stretched Canvas,https://cdn.shopify.com/s/files/1/0785/1504/4639/files/earthy_shade_wall_mockup_53x72.png?v=1750000000
emerald-shade,24x36,Gallery Wrapped Stretched Canvas,https://cdn.shopify.com/s/files/1/0785/1504/4639/files/emerald_shade_wall_mockup_24x36.png?v=1750000000
emerald-shade,36x48,Gallery Wrapped Stretched Canvas,https://cdn.shopify.com/s/files/1/0785/1504/4639/files/emerald_shade_wall_mockup_36x48.png?v=1750000000
emerald-shade,53x72,Gallery Wrapped Stretched Canvas,https://cdn.shopify.com/s/files/1/0785/1504/4639/files/emerald_shade_wall_mockup_53x72.png?v=1750000000
purple-shade,24x36,Gallery Wrapped Stretched Canvas,https://cdn.shopify.com/s/files/1/0785/1504/4639/files/purple_shade_wall_mockup_24x36.png?v=1750000000
purple-shade,36x48,Gallery Wrapped Stretched Canvas,https://cdn.shopify.com/s/files/1/0785/1504/4639/files/purple_shade_wall_mockup_36x48.png?v=1750000000
purple-shade,53x72,Gallery Wrapped Stretched Canvas,https://cdn.shopify.com/s/files/1/0785/1504/4639/files/purple_shade_wall_mockup_53x72.png?v=1750000000
festive-patterns-no3,24x36,Gallery Wrapped Stretched Canvas,https://cdn.shopify.com/s/files/1/0785/1504/4639/files/festive_patterns_no3_wall_mockup_24x36.png?v=1750000000
festive-patterns-no3,36x48,Gallery Wrapped Stretched Canvas,https://cdn.shopify.com/s/files/1/0785/1504/4639/files/festive_patterns_no3_wall_mockup_36x48.png?v=1750000000
festive-patterns-no3,53x72,Gallery Wrapped Stretched Canvas,https://cdn.shopify.com/s/files/1/0785/1504/4639/files/festive_patterns_no3_wall_mockup_53x72.png?v=1750000000
festive-patterns-no1,24x36,Gallery Wrapped Stretched Canvas,https://cdn.shopify.com/s/files/1/0785/1504/4639/files/festive_patterns_no1_wall_mockup_24x36.png?v=1750000000
festive-patterns-no1,36x48,Gallery Wrapped Stretched Canvas,https://cdn.shopify.com/s/files/1/0785/1504/4639/files/festive_patterns_no1_wall_mockup_36x48.png?v=1750000000
festive-patterns-no1,53x72,Gallery Wrapped Stretched Canvas,https://cdn.shopify.com/s/files/1/0785/1504/4639/files/festive_patterns_no1_wall_mockup_53x72.png?v=1750000000
festive-patterns-no2,24x36,Gallery Wrapped Stretched Canvas,https://cdn.shopify.com/s/files/1/0785/1504/4639/files/festive_patterns_no2_wall_mockup_24x36.png?v=1750000000
festive-patterns-no2,36x48,Gallery Wrapped Stretched Canvas,https://cdn.shopify.com/s/files/1/0785/1504/4639/files/festive_patterns_no2_wall_mockup_36x48.png?v=1750000000
festive-patterns-no2,53x72,Gallery Wrapped Stretched Canvas,https://cdn.shopify.com/s/files/1/0785/1504/4639/files/festive_patterns_no2_wall_mockup_53x72.png?v=1750000000
earthy-kimono,24x36,Gallery Wrapped Stretched Canvas,https://cdn.shopify.com/s/files/1/0785/1504/4639/files/earthy_kimono_wall_mockup_24x36.png?v=1750000000
earthy-kimono,36x48,Gallery Wrapped Stretched Canvas,https://cdn.shopify.com/s/files/1/0785/1504/4639/files/earthy_kimono_wall_mockup_36x48.png?v=1750000000
earthy-kimono,53x72,Gallery Wrapped Stretched Canvas,https://cdn.shopify.com/s/files/1/0785/1504/4639/files/earthy_kimono_wall_mockup_53x72.png?v=1750000000
dark-kimono,24x36,Gallery Wrapped Stretched Canvas,https://cdn.shopify.com/s/files/1/0785/1504/4639/files/dark_kimono_wall_mockup_24x36.png?v=1750000000
dark-kimono,36x48,Gallery Wrapped Stretched Canvas,https://cdn.shopify.com/s/files/1/0785/1504/4639/files/dark_kimono_wall_mockup_36x48.png?v=1750000000
dark-kimono,53x72,Gallery Wrapped Stretched Canvas,https://cdn.shopify.com/s/files/1/0785/1504/4639/files/dark_kimono_wall_mockup_53x72.png?v=1750000000
teal-kimono,24x36,Gallery Wrapped Stretched Canvas,https://cdn.shopify.com/s/files/1/0785/1504/4639/files/teal_kimono_wall_mockup_24x36.png?v=1750000000
teal-kimono,36x48,Gallery Wrapped Stretched Canvas,https://cdn.shopify.com/s/files/1/0785/1504/4639/files/teal_kimono_wall_mockup_36x48.png?v=1750000000
teal-kimono,53x72,Gallery Wrapped Stretched Canvas,https://cdn.shopify.com/s/files/1/0785/1504/4639/files/teal_kimono_wall_mockup_53x72.png?v=1750000000
red-kimono,24x36,Gallery Wrapped Stretched Canvas,https://cdn.shopify.com/s/files/1/0785/1504/4639/files/red_kimono_wall_mockup_24x36.png?v=1750000000
red-kimono,36x48,Gallery Wrapped Stretched Canvas,https://cdn.shopify.com/s/files/1/0785/1504/4639/files/red_kimono_wall_mockup_36x48.png?v=1750000000
red-kimono,53x72,Gallery Wrapped Stretched Canvas,https://cdn.shopify.com/s/files/1/0785/1504/4639/files/red_kimono_wall_mockup_53x72.png?v=1750000000
royal-kimono,24x36,Gallery Wrapped Stretched Canvas,https://cdn.shopify.com/s/files/1/0785/1504/4639/files/royal_kimono_wall_mockup_24x36.png?v=1750000000
royal-kimono,36x48,Gallery Wrapped Stretched Canvas,https://cdn.shopify.com/s/files/1/0785/1504/4639/files/royal_kimono_wall_mockup_36x48.png?v=1750000000
royal-kimono,53x72,Gallery Wrapped Stretched Canvas,https://cdn.shopify.com/s/files/1/0785/1504/4639/files/royal_kimono_wall_mockup_53x72.png?v=1750000000
monochrome-kimono,24x36,Gallery Wrapped Stretched Canvas,https://cdn.shopify.com/s/files/1/0785/1504/4639/files/monochrome_kimono_wall_mockup_24x36.png?v=1750000000
monochrome-kimono,36x48,Gallery Wrapped Stretched Canvas,https://cdn.shopify.com/s/files/1/0785/1504/4639/files/monochrome_kimono_wall_mockup_36x48.png?v=1750000000
monochrome-kimono,53x72,Gallery Wrapped Stretched Canvas,https://cdn.shopify.com/s/files/1/0785/1504/4639/files/monochrome_kimono_wall_mockup_53x72.png?v=1750000000
noir-weave,24x36,Gallery Wrapped Stretched Canvas,https://cdn.shopify.com/s/files/1/0785/1504/4639/files/noir_weave_wall_mockup_24x36.png?v=1750000000
noir-weave,36x48,Gallery Wrapped Stretched Canvas,https://cdn.shopify.com/s/files/1/0785/1504/4639/files/noir_weave_wall_mockup_36x48.png?v=1750000000
noir-weave,53x72,Gallery Wrapped Stretched Canvas,https://cdn.shopify.com/s/files/1/0785/1504/4639/files/noir_weave_wall_mockup_53x72.png?v=1750000000
structured-noir-no2,24x36,Gallery Wrapped Stretched Canvas,https://cdn.shopify.com/s/files/1/0785/1504/4639/files/structured_noir_no2_wall_mockup_24x36.png?v=1750000000
structured-noir-no2,36x48,Gallery Wrapped Stretched Canvas,https://cdn.shopify.com/s/files/1/0785/1504/4639/files/structured_noir_no2_wall_mockup_36x48.png?v=1750000000
structured-noir-no2,53x72,Gallery Wrapped Stretched Canvas,https://cdn.shopify.com/s/files/1/0785/1504/4639/files/structured_noir_no2_wall_mockup_53x72.png?v=1750000000
structured-noir-no1,24x36,Gallery Wrapped Stretched Canvas,https://cdn.shopify.com/s/files/1/0785/1504/4639/files/structured_noir_no1_wall_mockup_24x36.png?v=1750000000
structured-noir-no1,36x48,Gallery Wrapped Stretched Canvas,https://cdn.shopify.com/s/files/1/0785/1504/4639/files/structured_noir_no1_wall_mockup_36x48.png?v=1750000000
structured-noir-no1,53x72,Gallery Wrapped Stretched Canvas,https://cdn.shopify.com/s/files/1/0785/1504/4639/files/structured_noir_no1_wall_mockup_53x72.png?v=1750000000
prismatic-warmth,24x36,Gallery Wrapped Stretched Canvas,https://cdn.shopify.com/s/files/1/0785/1504/4639/files/prismatic_warmth_wall_mockup_24x36.png?v=1750000000
prismatic-warmth,36x48,Gallery Wrapped Stretched Canvas,https://cdn.shopify.com/s/files/1/0785/1504/4639/files/prismatic_warmth_wall_mockup_36x48.png?v=1750000000
prismatic-warmth,53x72,Gallery Wrapped Stretched Canvas,https://cdn.shopify.com/s/files/1/0785/1504/4639/files/prismatic_warmth_wall_mockup_53x72.png?v=1750000000
crystalline-blue,24x36,Gallery Wrapped Stretched Canvas,https://cdn.shopify.com/s/files/1/0785/1504/4639/files/crystalline_blue_wall_mockup_24x36.png?v=1750000000
crystalline-blue,36x48,Gallery Wrapped Stretched Canvas,https://cdn.shopify.com/s/files/1/0785/1504/4639/files/crystalline_blue_wall_mockup_36x48.png?v=1750000000
crystalline-blue,53x72,Gallery Wrapped Stretched Canvas,https://cdn.shopify.com/s/files/1/0785/1504/4639/files/crystalline_blue_wall_mockup_53x72.png?v=1750000000
verdant-layers,24x36,Gallery Wrapped Stretched Canvas,https://cdn.shopify.com/s/files/1/0785/1504/4639/files/verdant_layers_wall_mockup_24x36.png?v=1750000000
verdant-layers,36x48,Gallery Wrapped Stretched Canvas,https://cdn.shopify.com/s/files/1/0785/1504/4639/files/verdant_layers_wall_mockup_36x48.png?v=1750000000
verdant-layers,53x72,Gallery Wrapped Stretched Canvas,https://cdn.shopify.com/s/files/1/0785/1504/4639/files/verdant_layers_wall_mockup_53x72.png?v=1750000000
parallelogram-illusion-no1,24x36,Gallery Wrapped Stretched Canvas,https://cdn.shopify.com/s/files/1/0785/1504/4639/files/parallelogram_illusion_no1_wall_mockup_24x36.png?v=1750000000
parallelogram-illusion-no1,36x48,Gallery Wrapped Stretched Canvas,https://cdn.shopify.com/s/files/1/0785/1504/4639/files/parallelogram_illusion_no1_wall_mockup_36x48.png?v=1750000000
parallelogram-illusion-no1,53x72,Gallery Wrapped Stretched Canvas,https://cdn.shopify.com/s/files/1/0785/1504/4639/files/parallelogram_illusion_no1_wall_mockup_53x72.png?v=1750000000
parallelogram-illusion-no2,24x36,Gallery Wrapped Stretched Canvas,https://cdn.shopify.com/s/files/1/0785/1504/4639/files/parallelogram_illusion_no2_wall_mockup_24x36.png?v=1750000000
parallelogram-illusion-no2,36x48,Gallery Wrapped Stretched Canvas,https://cdn.shopify.com/s/files/1/0785/1504/4639/files/parallelogram_illusion_no2_wall_mockup_36x48.png?v=1750000000
parallelogram-illusion-no2,53x72,Gallery Wrapped Stretched Canvas,https://cdn.shopify.com/s/files/1/0785/1504/4639/files/parallelogram_illusion_no2_wall_mockup_53x72.png?v=1750000000
earthy-weave,24x36,Gallery Wrapped Stretched Canvas,https://cdn.shopify.com/s/files/1/0785/1504/4639/files/earthy_weave_wall_mockup_24x36.png?v=1750000000
earthy-weave,36x48,Gallery Wrapped Stretched Canvas,https://cdn.shopify.com/s/files/1/0785/1504/4639/files/earthy_weave_wall_mockup_36x48.png?v=1750000000
earthy-weave,53x72,Gallery Wrapped Stretched Canvas,https://cdn.shopify.com/s/files/1/0785/1504/4639/files/earthy_weave_wall_mockup_53x72.png?v=1750000000
olive-weave,24x36,Gallery Wrapped Stretched Canvas,https://cdn.shopify.com/s/files/1/0785/1504/4639/files/olive_weave_wall_mockup_24x36.png?v=1750000000
olive-weave,36x48,Gallery Wrapped Stretched Canvas,https://cdn.shopify.com/s/files/1/0785/1504/4639/files/olive_weave_wall_mockup_36x48.png?v=1750000000
olive-weave,53x72,Gallery Wrapped Stretched Canvas,https://cdn.shopify.com/s/files/1/0785/1504/4639/files/olive_weave_wall_mockup_53x72.png?v=1750000000
pink-weave,24x36,Gallery Wrapped Stretched Canvas,https://cdn.shopify.com/s/files/1/0785/1504/4639/files/pink_weave_wall_mockup_24x36.png?v=1750000000
pink-weave,36x48,Gallery Wrapped Stretched Canvas,https://cdn.shopify.com/s/files/1/0785/1504/4639/files/pink_weave_wall_mockup_36x48.png?v=1750000000
pink-weave,53x72,Gallery Wrapped Stretched Canvas,https://cdn.shopify.com/s/files/1/0785/1504/4639/files/pink_weave_wall_mockup_53x72.png?v=1750000000
vivid-mosaic-no1,24x36,Gallery Wrapped Stretched Canvas,https://cdn.shopify.com/s/files/1/0785/1504/4639/files/vivid_mosaic_no1_wall_mockup_24x36.png?v=1750000000
vivid-mosaic-no1,36x48,Gallery Wrapped Stretched Canvas,https://cdn.shopify.com/s/files/1/0785/1504/4639/files/vivid_mosaic_no1_wall_mockup_36x48.png?v=1750000000
vivid-mosaic-no1,53x72,Gallery Wrapped Stretched Canvas,https://cdn.shopify.com/s/files/1/0785/1504/4639/files/vivid_mosaic_no1_wall_mockup_53x72.png?v=1750000000
vivid-mosaic-no2,24x36,Gallery Wrapped Stretched Canvas,https://cdn.shopify.com/s/files/1/0785/1504/4639/files/vivid_mosaic_no2_wall_mockup_24x36.png?v=1750000000
vivid-mosaic-no2,36x48,Gallery Wrapped Stretched Canvas,https://cdn.shopify.com/s/files/1/0785/1504/4639/files/vivid_mosaic_no2_wall_mockup_36x48.png?v=1750000000
vivid-mosaic-no2,53x72,Gallery Wrapped Stretched Canvas,https://cdn.shopify.com/s/files/1/0785/1504/4639/files/vivid_mosaic_no2_wall_mockup_53x72.png?v=1750000000
vivid-mosaic-no3,24x36,Gallery Wrapped Stretched Canvas,https://cdn.shopify.com/s/files/1/0785/1504/4639/files/vivid_mosaic_no3_wall_mockup_24x36.png?v=1750000000
vivid-mosaic-no3,36x48,Gallery Wrapped Stretched Canvas,https://cdn.shopify.com/s/files/1/0785/1504/4639/files/vivid_mosaic_no3_wall_mockup_36x48.png?v=1750000000
vivid-mosaic-no3,53x72,Gallery Wrapped Stretched Canvas,https://cdn.shopify.com/s/files/1/0785/1504/4639/files/vivid_mosaic_no3_wall_mockup_53x72.png?v=1750000000
vivid-mosaic-no4,53x72,Gallery Wrapped Stretched Canvas,https://cdn.shopify.com/s/files/1/0785/1504/4639/files/vivid_mosaic_no4_wall_mockup_53x72.png?v=1750000000
vivid-mosaic-no4,24x36,Gallery Wrapped Stretched Canvas,https://cdn.shopify.com/s/files/1/0785/1504/4639/files/vivid_mosaic_no4_wall_mockup_24x36.png?v=1750000000
vivid-mosaic-no4,36x48,Gallery Wrapped Stretched Canvas,https://cdn.shopify.com/s/files/1/0785/1504/4639/files/vivid_mosaic_no4_wall_mockup_36x48.png?v=1750000000
vivid-mosaic-no7,24x36,Gallery Wrapped Stretched Canvas,https://cdn.shopify.com/s/files/1/0785/1504/4639/files/vivid_mosaic_no7_wall_mockup_24x36.png?v=1750000000
vivid-mosaic-no7,36x48,Gallery Wrapped Stretched Canvas,https://cdn.shopify.com/s/files/1/0785/1504/4639/files/vivid_mosaic_no7_wall_mockup_36x48.png?v=1750000000
vivid-mosaic-no7,53x72,Gallery Wrapped Stretched Canvas,https://cdn.shopify.com/s/files/1/0785/1504/4639/files/vivid_mosaic_no7_wall_mockup_53x72.png?v=1750000000
noir-mosaic-no1,24x36,Gallery Wrapped Stretched Canvas,https://cdn.shopify.com/s/files/1/0785/1504/4639/files/noir_mosaic_no1_wall_mockup_24x36.png?v=1750000000
noir-mosaic-no1,36x48,Gallery Wrapped Stretched Canvas,https://cdn.shopify.com/s/files/1/0785/1504/4639/files/noir_mosaic_no1_wall_mockup_36x48.png?v=1750000000
noir-mosaic-no1,53x72,Gallery Wrapped Stretched Canvas,https://cdn.shopify.com/s/files/1/0785/1504/4639/files/noir_mosaic_no1_wall_mockup_53x72.png?v=1750000000
noir-mosaic-no2,24x36,Gallery Wrapped Stretched Canvas,https://cdn.shopify.com/s/files/1/0785/1504/4639/files/noir_mosaic_no2_wall_mockup_24x36.png?v=1750000000
noir-mosaic-no2,36x48,Gallery Wrapped Stretched Canvas,https://cdn.shopify.com/s/files/1/0785/1504/4639/files/noir_mosaic_no2_wall_mockup_36x48.png?v=1750000000
noir-mosaic-no2,53x72,Gallery Wrapped Stretched Canvas,https://cdn.shopify.com/s/files/1/0785/1504/4639/files/noir_mosaic_no2_wall_mockup_53x72.png?v=1750000000
noir-mosaic-no3,24x36,Gallery Wrapped Stretched Canvas,https://cdn.shopify.com/s/files/1/0785/1504/4639/files/noir_mosaic_no3_wall_mockup_24x36.png?v=1750000000
noir-mosaic-no3,36x48,Gallery Wrapped Stretched Canvas,https://cdn.shopify.com/s/files/1/0785/1504/4639/files/noir_mosaic_no3_wall_mockup_36x48.png?v=1750000000
noir-mosaic-no3,53x72,Gallery Wrapped Stretched Canvas,https://cdn.shopify.com/s/files/1/0785/1504/4639/files/noir_mosaic_no3_wall_mockup_53x72.png?v=1750000000
vivid-mosaic-no6,24x36,Gallery Wrapped Stretched Canvas,https://cdn.shopify.com/s/files/1/0785/1504/4639/files/vivid_mosaic_no6_wall_mockup_24x36.png?v=1750000000
vivid-mosaic-no6,36x48,Gallery Wrapped Stretched Canvas,https://cdn.shopify.com/s/files/1/0785/1504/4639/files/vivid_mosaic_no6_wall_mockup_36x48.png?v=1750000000
vivid-mosaic-no6,53x72,Gallery Wrapped Stretched Canvas,https://cdn.shopify.com/s/files/1/0785/1504/4639/files/vivid_mosaic_no6_wall_mockup_53x72.png?v=1750000000
vivid-mosaic-no5,24x36,Gallery Wrapped Stretched Canvas,https://cdn.shopify.com/s/files/1/0785/1504/4639/files/vivid_mosaic_no5_wall_mockup_24x36.png?v=1750000000
vivid-mosaic-no5,36x48,Gallery Wrapped Stretched Canvas,https://cdn.shopify.com/s/files/1/0785/1504/4639/files/vivid_mosaic_no5_wall_mockup_36x48.png?v=1750000000
vivid-mosaic-no5,53x72,Gallery Wrapped Stretched Canvas,https://cdn.shopify.com/s/files/1/0785/1504/4639/files/vivid_mosaic_no5_wall_mockup_53x72.png?v=1750000000
fractal-color-dark-double,24x36,Gallery Wrapped Stretched Canvas,https://cdn.shopify.com/s/files/1/0785/1504/4639/files/fractal_color_dark_double_wall_mockup_24x36.png?v=1750000000
fractal-color-dark-double,36x48,Gallery Wrapped Stretched Canvas,https://cdn.shopify.com/s/files/1/0785/1504/4639/files/fractal_color_dark_double_wall_mockup_36x48.png?v=1750000000
fractal-color-dark-double,53x72,Gallery Wrapped Stretched Canvas,https://cdn.shopify.com/s/files/1/0785/1504/4639/files/fractal_color_dark_double_wall_mockup_53x72.png?v=1750000000
fractal-color-red,24x36,Gallery Wrapped Stretched Canvas,https://cdn.shopify.com/s/files/1/0785/1504/4639/files/fractal_color_red_wall_mockup_24x36.png?v=1750000000
fractal-color-red,36x48,Gallery Wrapped Stretched Canvas,https://cdn.shopify.com/s/files/1/0785/1504/4639/files/fractal_color_red_wall_mockup_36x48.png?v=1750000000
fractal-color-red,53x72,Gallery Wrapped Stretched Canvas,https://cdn.shopify.com/s/files/1/0785/1504/4639/files/fractal_color_red_wall_mockup_53x72.png?v=1750000000
fractal-color-light,24x36,Gallery Wrapped Stretched Canvas,https://cdn.shopify.com/s/files/1/0785/1504/4639/files/fractal_color_light_wall_mockup_24x36.png?v=1750000000
fractal-color-light,36x48,Gallery Wrapped Stretched Canvas,https://cdn.shopify.com/s/files/1/0785/1504/4639/files/fractal_color_light_wall_mockup_36x48.png?v=1750000000
fractal-color-light,53x72,Gallery Wrapped Stretched Canvas,https://cdn.shopify.com/s/files/1/0785/1504/4639/files/fractal_color_light_wall_mockup_53x72.png?v=1750000000
fractal-color-dark,24x36,Gallery Wrapped Stretched Canvas,https://cdn.shopify.com/s/files/1/0785/1504/4639/files/fractal_color_dark_wall_mockup_24x36.png?v=1750000000
fractal-color-dark,36x48,Gallery Wrapped Stretched Canvas,https://cdn.shopify.com/s/files/1/0785/1504/4639/files/fractal_color_dark_wall_mockup_36x48.png?v=1750000000
fractal-color-dark,53x72,Gallery Wrapped Stretched Canvas,https://cdn.shopify.com/s/files/1/0785/1504/4639/files/fractal_color_dark_wall_mockup_53x72.png?v=1750000000
fractal-noir,24x36,Gallery Wrapped Stretched Canvas,https://cdn.shopify.com/s/files/1/0785/1504/4639/files/fractal_noir_wall_mockup_24x36.png?v=1750000000
fractal-noir,36x48,Gallery Wrapped Stretched Canvas,https://cdn.shopify.com/s/files/1/0785/1504/4639/files/fractal_noir_wall_mockup_36x48.png?v=1750000000
fractal-noir,53x72,Gallery Wrapped Stretched Canvas,https://cdn.shopify.com/s/files/1/0785/1504/4639/files/fractal_noir_wall_mockup_53x72.png?v=1750000000
fractal-noir-double,24x36,Gallery Wrapped Stretched Canvas,https://cdn.shopify.com/s/files/1/0785/1504/4639/files/fractal_noir_double_wall_mockup_24x36.png?v=1750000000
fractal-noir-double,36x48,Gallery Wrapped Stretched Canvas,https://cdn.shopify.com/s/files/1/0785/1504/4639/files/fractal_noir_double_wall_mockup_36x48.png?v=1750000000
fractal-noir-double,53x72,Gallery Wrapped Stretched Canvas,https://cdn.shopify.com/s/files/1/0785/1504/4639/files/fractal_noir_double_wall_mockup_53x72.png?v=1750000000
fractal-double-red,24x36,Gallery Wrapped Stretched Canvas,https://cdn.shopify.com/s/files/1/0785/1504/4639/files/fractal_double_red_wall_mockup_24x36.png?v=1750000000
fractal-double-red,36x48,Gallery Wrapped Stretched Canvas,https://cdn.shopify.com/s/files/1/0785/1504/4639/files/fractal_double_red_wall_mockup_36x48.png?v=1750000000
fractal-double-red,53x72,Gallery Wrapped Stretched Canvas,https://cdn.shopify.com/s/files/1/0785/1504/4639/files/fractal_double_red_wall_mockup_53x72.png?v=1750000000
