Main KW,Type,Keyword Ideas,MSV,Search Intent,KW Difficulty,Competition,CPC,Answer
artwork,Suggested,artwork of zoo,301000,commercial,0,LOW,,
artwork,Suggested,ai artwork generator,246000,transactional,76,LOW,1.18,
artwork,Suggested,artificial intelligence artwork generator,246000,transactional,80,LOW,1.18,
artwork,Suggested,metropolitan artwork,201000,commercial,87,LOW,0.08,
artwork,Suggested,met artwork,201000,commercial,43,LOW,0.08,
artwork,Suggested,artwork museum,201000,navigational,100,LOW,1.75,
artwork,Suggested,whitney museum artwork,165000,commercial,36,LOW,0.72,
artwork,Suggested,wall artwork,135000,transactional,46,HIGH,1.58,
artwork,Suggested,abstract artwork,110000,transactional,0,HIGH,0.98,
artwork,Suggested,artwork suppliers,110000,transactional,53,HIGH,2.11,
artwork,Suggested,artwork supplies,110000,transactional,53,HIGH,2.11,
artwork,Suggested,a i artwork,90500,commercial,76,LOW,1.04,
artwork,Suggested,artwork clips,90500,transactional,0,LOW,2.89,
artwork,Suggested,artwork store near me,90500,commercial,42,LOW,0.87,
artwork,Suggested,famous painters artwork,90500,transactional,21,MEDIUM,0.28,
artwork,Suggested,diamonds artwork,90500,commercial,58,HIGH,0.85,
artwork,Suggested,famous paintings and artwork,90500,transactional,21,MEDIUM,0.28,
artwork,Suggested,famous artwork paintings,90500,transactional,2,MEDIUM,0.28,
artwork,Suggested,sao artwork,90500,commercial,10,LOW,3.3,
artwork,Suggested,ai artwork,90500,commercial,76,LOW,1.04,
artwork,Suggested,nail artwork,90500,commercial,20,HIGH,0.25,
artwork,Suggested,artwork famous,90500,commercial,21,MEDIUM,0.28,
artwork,Suggested,moma museum artwork,90500,commercial,87,MEDIUM,0.75,
artwork,Suggested,electronics artwork,74000,transactional,1,LOW,1.11,
artwork,Suggested,artwork gallery near me,74000,transactional,85,LOW,2.17,
artwork,Suggested,x artwork,74000,commercial,0,LOW,1.42,
artwork,Suggested,music and artwork,74000,commercial,6,LOW,0.1,
artwork,Suggested,the persistence of memory artwork,60500,commercial,18,MEDIUM,0.15,
artwork,Suggested,modernist artwork,60500,commercial,40,HIGH,1.47,
artwork,Suggested,artwork stores,60500,transactional,57,LOW,1.63,
artwork,Suggested,popular artwork,60500,commercial,21,MEDIUM,1.07,
artwork,Suggested,dali museum artwork,60500,commercial,31,MEDIUM,1.79,
artwork,Suggested,the scream artwork,60500,commercial,34,MEDIUM,0.11,
artwork,Suggested,modern artwork,60500,transactional,0,HIGH,1.47,
artwork,Suggested,hitler artwork,60500,commercial,18,LOW,,
artwork,Suggested,perez artwork,49500,commercial,23,LOW,1.96,
artwork,Suggested,artwork frida kahlo,49500,commercial,40,HIGH,0.23,
artwork,Suggested,artwork by monet,49500,transactional,20,HIGH,0.44,
artwork,Suggested,claude monet artwork water lilies,49500,transactional,45,HIGH,0.33,
artwork,Suggested,monet artwork names,49500,transactional,22,HIGH,0.44,
artwork,Suggested,gothic artwork,49500,commercial,15,LOW,0.49,
artwork,Suggested,vitruvian man artwork,49500,transactional,30,LOW,0.21,
artwork,Suggested,nail artwork designs,40500,transactional,17,HIGH,0.19,
artwork,Suggested,artwork printers,40500,transactional,16,HIGH,1.76,
artwork,Suggested,artwork printing,40500,transactional,0,HIGH,1.76,
artwork,Suggested,artwork printable,40500,commercial,16,HIGH,1.76,
artwork,Suggested,banksy artwork,40500,transactional,24,HIGH,0.55,
artwork,Suggested,contemporary artwork,40500,transactional,14,HIGH,1.42,
artwork,Suggested,artwork near me,40500,transactional,16,LOW,1.29,
artwork,Suggested,creation of adam artwork,40500,commercial,20,LOW,0.23,
artwork,Suggested,artwork salvador dali,33100,transactional,31,HIGH,0.21,
artwork,Suggested,the starry night artwork,33100,transactional,37,HIGH,0.22,
artwork,Suggested,surrealism artwork,33100,commercial,28,LOW,0.83,
artwork,Suggested,artwork station,33100,commercial,14,LOW,1.59,
artwork,Suggested,nighthawks artwork,33100,transactional,11,HIGH,0.24,
artwork,Suggested,artwork nighthawks,33100,transactional,19,HIGH,0.24,
artwork,Suggested,salvador dali paintings artwork,33100,transactional,23,HIGH,0.21,
artwork,Suggested,crocker art museum artwork,33100,commercial,18,LOW,0.64,
artwork,Suggested,ai artwork generator free,33100,transactional,76,LOW,1.3,
artwork,Suggested,renaissance artwork,33100,commercial,17,LOW,0.83,
artwork,Suggested,ascii artwork,33100,navigational,48,LOW,8.02,
artwork,Suggested,free artwork clipart,33100,informational,30,LOW,1.6,
artwork,Suggested,michelangelo artwork sistine chapel,33100,commercial,38,LOW,0.22,
artwork,Suggested,abstract artwork painting,33100,transactional,29,HIGH,0.85,
artwork,Suggested,the great wave artwork,33100,transactional,39,MEDIUM,0.5,
artwork,Suggested,artwork list,33100,commercial,35,LOW,2.02,
artwork,Suggested,salvador dali artwork names,33100,transactional,24,HIGH,0.21,
artwork,Suggested,metal wall artwork,33100,transactional,0,HIGH,1.41,
artwork,Suggested,keith haring artwork,27100,transactional,36,HIGH,0.42,
artwork,Suggested,andy warhol artwork,27100,transactional,40,HIGH,0.71,
artwork,Suggested,diamond artwork kits,27100,transactional,45,HIGH,1,
artwork,Suggested,styles of artwork,27100,commercial,0,LOW,2.39,
artwork,Suggested,big artwork for wall,27100,transactional,18,HIGH,1.6,
artwork,Suggested,norman rockwell artwork,27100,transactional,35,HIGH,0.28,
artwork,Suggested,elements of artwork,27100,commercial,24,LOW,0.41,
artwork,Suggested,large artwork for wall,27100,transactional,16,HIGH,1.6,
artwork,Suggested,artwork,27100,commercial,69,HIGH,1.91,
artwork,Suggested,artwork guernica,27100,transactional,39,MEDIUM,0.15,
artwork,Suggested,digital artwork,27100,transactional,59,LOW,7.34,
artwork,Suggested,home goods artwork,27100,transactional,1,HIGH,1.05,
artwork,Suggested,british airways artwork,27100,commercial,0,LOW,24.5,
artwork,Suggested,goya artwork,27100,transactional,32,LOW,0.27,
artwork,Suggested,artwork cafe,27100,commercial,25,LOW,1.24,
artwork,Suggested,drake album artwork,27100,transactional,0,MEDIUM,0.18,
artwork,Suggested,impressionist artwork,22200,commercial,14,MEDIUM,0.81,
artwork,Suggested,world map artwork canvas,22200,transactional,0,HIGH,1.6,
artwork,Suggested,artwork pieta,22200,commercial,9,MEDIUM,0.33,
artwork,Suggested,fan artwork,22200,transactional,38,LOW,1.73,
artwork,Suggested,medieval period artwork,22200,transactional,14,LOW,0.47,
artwork,Suggested,the last supper artwork,22200,transactional,38,HIGH,0.32,
artwork,Suggested,medieval artwork,22200,commercial,22,LOW,0.47,
artwork,Suggested,impressionism artwork,22200,commercial,12,MEDIUM,0.81,
artwork,Suggested,artwork drawing,22200,informational,3,MEDIUM,0.73,
artwork,Suggested,line artwork,22200,transactional,2,MEDIUM,0.38,
artwork,Suggested,baroque period artwork,22200,transactional,23,LOW,0.57,
artwork,Suggested,artwork from japan,22200,commercial,11,HIGH,0.75,
artwork,Suggested,middle ages artwork,22200,informational,16,LOW,0.47,
artwork,Suggested,michelangelo artwork pieta,22200,transactional,20,MEDIUM,0.33,
artwork,Suggested,landscape painting artwork,22200,commercial,0,HIGH,0.64,
artwork,Suggested,georgia o'keeffe artwork information,22200,transactional,28,HIGH,0.24,
artwork,Ideas,miro,135000,navigational,71,LOW,0.49,
artwork,Ideas,tableau,201000,navigational,52,LOW,3.59,
artwork,Ideas,art,368000,navigational,100,HIGH,1.54,
artwork,Ideas,mona lisa,368000,informational,58,LOW,0.13,
artwork,Ideas,bob ross,301000,informational,62,LOW,0.18,
artwork,Ideas,ai art,90500,navigational,86,LOW,1.04,
artwork,Ideas,van gogh,201000,informational,75,MEDIUM,0.47,
artwork,Ideas,picasso,201000,informational,65,LOW,0.28,
artwork,Ideas,vincent van gogh,135000,informational,71,LOW,0.48,
artwork,Ideas,starry night,165000,commercial,71,MEDIUM,0.16,
artwork,Ideas,tableau public,33100,navigational,25,LOW,5.27,
artwork,Ideas,basquiat,165000,informational,53,MEDIUM,0.36,
artwork,Ideas,keith haring,165000,commercial,54,MEDIUM,0.5,
artwork,Ideas,the last supper,135000,commercial,51,MEDIUM,0.23,
artwork,Ideas,jackson pollock,135000,commercial,47,MEDIUM,0.38,
artwork,Ideas,kyle lowry,110000,informational,48,LOW,,
artwork,Ideas,artista pirata,1000,transactional,0,LOW,,
artwork,Ideas,patreon login,49500,navigational,27,LOW,0.11,
artwork,Ideas,painting with a twist,246000,informational,18,LOW,0.21,
artwork,Ideas,tensor art,14800,commercial,7,LOW,1.01,
artwork,Ideas,cubism founder,90,informational,24,LOW,,
artwork,Ideas,picasso's first word,10,commercial,9,LOW,,
artwork,Ideas,paul,110000,navigational,56,LOW,0.99,
artwork,Ideas,ted turner,110000,informational,26,LOW,0.34,
artwork,Ideas,miro board,22200,navigational,52,LOW,1.37,
artwork,Ideas,national gallery of art,165000,navigational,76,LOW,0.47,
artwork,Ideas,caravaggio,74000,navigational,44,LOW,0.31,
artwork,Ideas,atelier,74000,navigational,51,LOW,1.91,
artwork,Ideas,tablo,49500,navigational,51,HIGH,0.48,
artwork,Ideas,business model canvas,18100,transactional,46,LOW,8.33,
artwork,Ideas,rembrandt,74000,informational,49,LOW,0.28,
artwork,Ideas,jean michel basquiat,90500,commercial,41,LOW,0.49,
artwork,Ideas,van gogh museum,90500,navigational,55,MEDIUM,2.31,
artwork,Ideas,canvas upao,50,commercial,11,LOW,,
artwork,Ideas,rijksmuseum,74000,informational,39,MEDIUM,0.86,
artwork,Ideas,henri matisse,33100,commercial,48,MEDIUM,0.36,
artwork,Ideas,paint by numbers,90500,commercial,42,HIGH,2.3,
artwork,Ideas,palace of fine arts,165000,navigational,33,LOW,0.69,
artwork,Ideas,chiaroscuro,40500,informational,36,LOW,0.02,
artwork,Ideas,impressionism,60500,informational,52,LOW,0.72,
artwork,Ideas,galleria dallas,201000,navigational,25,LOW,2.5,
artwork,Ideas,ai generated art,18100,commercial,76,LOW,1.43,
artwork,Ideas,mona lisa smile,90500,informational,29,LOW,0.02,
artwork,Ideas,last supper,60500,informational,51,MEDIUM,0.23,
artwork,Ideas,art gallery,165000,navigational,100,LOW,2.88,
artwork,Ideas,pop art,60500,commercial,37,MEDIUM,1.07,
artwork,Ideas,renaissance login,14800,navigational,77,LOW,,
artwork,Ideas,the galleria,201000,navigational,53,LOW,1.93,
artwork,Ideas,thomas kinkade,74000,transactional,15,HIGH,0.93,
artwork,Ideas,ernst and young,40500,navigational,27,LOW,1.66,
artwork,Ideas,edward hopper,49500,informational,45,HIGH,0.39,
artwork,Ideas,galleria,110000,navigational,53,LOW,1.31,
artwork,Ideas,matisse,60500,navigational,50,HIGH,1.72,
artwork,Ideas,vitruvian man,49500,commercial,35,LOW,0.21,
artwork,Ideas,frida,90500,navigational,66,LOW,0.37,
artwork,Ideas,david choe,33100,informational,37,LOW,0.03,
artwork,Ideas,starry,49500,navigational,37,LOW,3.04,
artwork,Ideas,dali,60500,informational,82,LOW,0.61,
artwork,Ideas,artist,74000,navigational,70,LOW,2.95,
artwork,Ideas,goya,60500,commercial,44,HIGH,0.34,
artwork,Ideas,munch,40500,navigational,49,LOW,0.46,
artwork,Ideas,raphael,49500,informational,46,LOW,4.05,
artwork,Ideas,pollock,49500,navigational,54,LOW,0.26,
artwork,Ideas,metropolitan artwork,201000,commercial,87,LOW,0.08,
artwork,Ideas,color by number,60500,commercial,41,MEDIUM,1.39,
artwork,Ideas,famous,74000,informational,58,LOW,0.96,
artwork,Ideas,triptych,33100,commercial,47,LOW,1.71,
artwork,Ideas,art basel,40500,informational,35,LOW,1.28,
artwork,Ideas,famous people,74000,informational,34,LOW,,
artwork,Ideas,giuseppe,135000,commercial,33,LOW,1.53,
artwork,Ideas,canvas student log in,110000,navigational,72,LOW,,
artwork,Ideas,cubism,40500,informational,46,LOW,8.56,
artwork,Ideas,modern art,60500,commercial,79,HIGH,1.47,
artwork,Ideas,mona,60500,navigational,61,MEDIUM,0.32,
artwork,Ideas,canvas ccsd,14800,navigational,13,LOW,,
artwork,Ideas,michael angarano,74000,informational,14,LOW,,
artwork,Ideas,vermeer,49500,navigational,53,LOW,0.98,
artwork,Ideas,art prints,40500,transactional,23,HIGH,1.76,
artwork,Ideas,kandinsky,33100,navigational,44,HIGH,0.4,
artwork,Ideas,tom bateman,74000,informational,20,LOW,,
artwork,Ideas,odido,1600,informational,10,LOW,0.47,
artwork,Ideas,guido,60500,informational,30,LOW,1.26,
artwork,Ideas,painted ladies,135000,informational,22,LOW,0.32,
artwork,Ideas,rashod bateman,60500,informational,36,LOW,,
artwork,Ideas,van gogh paintings,74000,commercial,59,HIGH,0.33,
artwork,Ideas,fine art america,33100,navigational,19,HIGH,0.34,
artwork,Ideas,the scream painting,60500,commercial,31,MEDIUM,0.11,
artwork,Ideas,seraphine,33100,informational,34,HIGH,0.97,
artwork,Ideas,dadaism,33100,informational,46,LOW,0.04,
artwork,Ideas,painter near me,135000,navigational,41,LOW,7.66,
artwork,Ideas,tinga,74000,informational,6,LOW,0.87,
artwork,Ideas,picasso paintings,74000,commercial,44,HIGH,0.28,
artwork,Ideas,westman atelier,40500,transactional,7,HIGH,1.29,
artwork,Ideas,orientalism,18100,informational,35,LOW,0.28,
artwork,Ideas,famous amos,49500,informational,39,HIGH,0.33,
artwork,Ideas,rothko,33100,commercial,47,HIGH,0.3,
artwork,Ideas,canvas lms,14800,commercial,54,LOW,7.82,
artwork,Ideas,david hockney,33100,commercial,49,MEDIUM,0.32,
artwork,Ideas,art styles,27100,informational,30,LOW,2.39,
artwork,Ideas,supper,49500,navigational,21,LOW,0.62,
artwork,Autocomplete,,,,,,,
artwork,Autocomplete,,,,,,,
artwork,Autocomplete,,,,,,,
artwork,Autocomplete,,,,,,,
artwork,Autocomplete,,,,,,,
artwork,Autocomplete,,,,,,,
artwork,Autocomplete,,,,,,,
artwork,Autocomplete,,,,,,,
artwork,Autocomplete,,,,,,,
artwork,Autocomplete,,,,,,,
artwork,Subtopics,Definition of Artwork,,,,,,
artwork,Subtopics,Types of Artwork,,,,,,
artwork,Subtopics,Historical Evolution of Artwork,,,,,,
artwork,Subtopics,Famous Artists and Their Artwork,,,,,,
artwork,Subtopics,Techniques and Mediums Used in Artwork,,,,,,
artwork,Subtopics,The Role of Artwork in Culture and Society,,,,,,
artwork,Subtopics,Evaluating and Critiquing Artwork,,,,,,
artwork,Subtopics,The Impact of Technology on Artwork,,,,,,
artwork,Subtopics,Artwork in the Digital Age,,,,,,
artwork,Subtopics,Collecting and Valuing Artwork,,,,,,
artwork,Subtopics,Art Galleries and Exhibitions,,,,,,
artwork,Subtopics,The Relationship Between Artwork and Emotion,,,,,,
artwork,Subtopics,Public Art and Its Significance,,,,,,
artwork,Subtopics,Artwork in Education,,,,,,
artwork,Subtopics,Contemporary Trends in Artwork,,,,,,
artwork,Autocomplete,artwork,,,,,,
artwork,Autocomplete,artworkout,,,,,,
artwork,Autocomplete,artwork for sale,,,,,,
artwork,Autocomplete,artwork for living room,,,,,,
artwork,Autocomplete,artwork synonym,,,,,,
artwork,Autocomplete,artworking momma,,,,,,
artwork,Autocomplete,artwork for bedroom,,,,,,
artwork,Autocomplete,artwork for bathroom,,,,,,
artwork,Autocomplete,artwork meaning,,,,,,
artwork,Autocomplete,artwork for above bed,,,,,,
artwork,people_also_ask_element,What is the definition of an artwork?,,,,,,"a painting, sculpture, photograph, etc., that is created to be beautiful or to express an important idea or feeling : an artistic work. [noncount] A local painter was selling her artwork on the street. The walls of the restaurant are decorated in original artwork."
artwork,people_also_ask_element,What is called artwork?,,,,,,work (such as paintings or sculpture) produced through the use of imaginative skill They put their child's artwork on the fridge. A well-known illustrator provided all of the book's artwork.
artwork,people_also_ask_element,What is considered as artwork?,,,,,,"Definition of an artwork
 An artwork is a physical object that may have an aesthetic and/or conceptual value. This could be a painting, a sculpture, a photograph, an installation, a drawing, a collage, etc."
artwork,people_also_ask_element,Is a picture an artwork?,,,,,,"Photography can be an art form, but not all photographs are created to be artworks or as forms of artistic expression. It took time for photography to be truly recognized as a valid art form. However, in the present day, many art museums and art galleries now exhibit photographic artworks."
artwork,people_also_ask_element,What makes an artwork art?,,,,,,"Art is something that stimulates an individual's thoughts, emotions, beliefs, or ideas through the senses. Works of art can be explicitly made for this purpose or interpreted on the basis of images or objects."
artwork,people_also_ask_element,How do you define art in one word?,,,,,,"art, skill, cunning, artifice, craft mean the faculty of executing well what one has devised. art implies a personal, unanalyzable creative power."