Handle,Title,Option1 Name,Option1 Value,Option2 Name,Option2 Value,Option3 Name,Option3 Value,SKU,HS Code,COO,Location,Incoming,Unavailable,Committed,Available,On hand
crimson-shade,Crimson Shade,Size,24x36,Print Type,Canvas Roll,,,CRIMSON-SHADE-CANVAS-ROLL-24X36,,,170 Avenue F,,,,150,150
crimson-shade,Crimson Shade,Size,24x36,Print Type,Canvas Roll,,,CRIMSON-SHADE-CANVAS-ROLL-24X36,,,Printful,,,,not stocked,not stocked
crimson-shade,Crimson Shade,Size,36x48,Print Type,Canvas Roll,,,CRIMSON-SHADE-CANVAS-ROLL-36X48,,,170 Avenue F,,,,105,105
crimson-shade,Crimson Shade,Size,36x48,Print Type,Canvas Roll,,,CRIMSON-SHADE-CANVAS-ROLL-36X48,,,Printful,,,,not stocked,not stocked
crimson-shade,Crimson Shade,Size,53x72,Print Type,Canvas Roll,,,CRIMSON-SHADE-CANVAS-ROLL-53X72,,,170 Avenue F,,,,45,45
crimson-shade,Crimson Shade,Size,53x72,Print Type,Canvas Roll,,,CRIMSON-SHADE-CANVAS-ROLL-53X72,,,Printful,,,,not stocked,not stocked
crimson-shade,Crimson Shade,Size,24x36,Print Type,Gallery Wrapped Canvas,,,CRIMSON-SHADE-GALLERY-WRAPPED-CANVAS-24X36,,,170 Avenue F,,,,150,150
crimson-shade,Crimson Shade,Size,24x36,Print Type,Gallery Wrapped Canvas,,,CRIMSON-SHADE-GALLERY-WRAPPED-CANVAS-24X36,,,Printful,,,,not stocked,not stocked
crimson-shade,Crimson Shade,Size,36x48,Print Type,Gallery Wrapped Canvas,,,CRIMSON-SHADE-GALLERY-WRAPPED-CANVAS-36X48,,,170 Avenue F,,,,105,105
crimson-shade,Crimson Shade,Size,36x48,Print Type,Gallery Wrapped Canvas,,,CRIMSON-SHADE-GALLERY-WRAPPED-CANVAS-36X48,,,Printful,,,,not stocked,not stocked
crimson-shade,Crimson Shade,Size,53x72,Print Type,Gallery Wrapped Canvas,,,CRIMSON-SHADE-GALLERY-WRAPPED-CANVAS-53X72,,,170 Avenue F,,,,45,45
crimson-shade,Crimson Shade,Size,53x72,Print Type,Gallery Wrapped Canvas,,,CRIMSON-SHADE-GALLERY-WRAPPED-CANVAS-53X72,,,Printful,,,,not stocked,not stocked
crystalline-blue,Crystalline Blue,Size,24x36,Print Type,Canvas Roll,,,CRYSTALLINE-BLUE-CANVAS-ROLL-24X36,,,170 Avenue F,,,,150,150
crystalline-blue,Crystalline Blue,Size,24x36,Print Type,Canvas Roll,,,CRYSTALLINE-BLUE-CANVAS-ROLL-24X36,,,Printful,,,,not stocked,not stocked
crystalline-blue,Crystalline Blue,Size,36x48,Print Type,Canvas Roll,,,CRYSTALLINE-BLUE-CANVAS-ROLL-36X48,,,170 Avenue F,,,,105,105
crystalline-blue,Crystalline Blue,Size,36x48,Print Type,Canvas Roll,,,CRYSTALLINE-BLUE-CANVAS-ROLL-36X48,,,Printful,,,,not stocked,not stocked
crystalline-blue,Crystalline Blue,Size,53x72,Print Type,Canvas Roll,,,CRYSTALLINE-BLUE-CANVAS-ROLL-53X72,,,170 Avenue F,,,,45,45
crystalline-blue,Crystalline Blue,Size,53x72,Print Type,Canvas Roll,,,CRYSTALLINE-BLUE-CANVAS-ROLL-53X72,,,Printful,,,,not stocked,not stocked
crystalline-blue,Crystalline Blue,Size,24x36,Print Type,Gallery Wrapped Canvas,,,CRYSTALLINE-BLUE-GALLERY-WRAPPED-CANVAS-24X36,,,170 Avenue F,,,,150,150
crystalline-blue,Crystalline Blue,Size,24x36,Print Type,Gallery Wrapped Canvas,,,CRYSTALLINE-BLUE-GALLERY-WRAPPED-CANVAS-24X36,,,Printful,,,,not stocked,not stocked
crystalline-blue,Crystalline Blue,Size,36x48,Print Type,Gallery Wrapped Canvas,,,CRYSTALLINE-BLUE-GALLERY-WRAPPED-CANVAS-36X48,,,170 Avenue F,,,,105,105
crystalline-blue,Crystalline Blue,Size,36x48,Print Type,Gallery Wrapped Canvas,,,CRYSTALLINE-BLUE-GALLERY-WRAPPED-CANVAS-36X48,,,Printful,,,,not stocked,not stocked
crystalline-blue,Crystalline Blue,Size,53x72,Print Type,Gallery Wrapped Canvas,,,CRYSTALLINE-BLUE-GALLERY-WRAPPED-CANVAS-53X72,,,170 Avenue F,,,,45,45
crystalline-blue,Crystalline Blue,Size,53x72,Print Type,Gallery Wrapped Canvas,,,CRYSTALLINE-BLUE-GALLERY-WRAPPED-CANVAS-53X72,,,Printful,,,,not stocked,not stocked
dark-kimono,Dark Kimono,Size,24x36,Print Type,Canvas Roll,,,DARK-KIMONO-CANVAS-ROLL-24X36,,,170 Avenue F,,,,150,150
dark-kimono,Dark Kimono,Size,24x36,Print Type,Canvas Roll,,,DARK-KIMONO-CANVAS-ROLL-24X36,,,Printful,,,,not stocked,not stocked
dark-kimono,Dark Kimono,Size,36x48,Print Type,Canvas Roll,,,DARK-KIMONO-CANVAS-ROLL-36X48,,,170 Avenue F,,,,105,105
dark-kimono,Dark Kimono,Size,36x48,Print Type,Canvas Roll,,,DARK-KIMONO-CANVAS-ROLL-36X48,,,Printful,,,,not stocked,not stocked
dark-kimono,Dark Kimono,Size,53x72,Print Type,Canvas Roll,,,DARK-KIMONO-CANVAS-ROLL-53X72,,,170 Avenue F,,,,45,45
dark-kimono,Dark Kimono,Size,53x72,Print Type,Canvas Roll,,,DARK-KIMONO-CANVAS-ROLL-53X72,,,Printful,,,,not stocked,not stocked
dark-kimono,Dark Kimono,Size,24x36,Print Type,Gallery Wrapped Canvas,,,DARK-KIMONO-GALLERY-WRAPPED-CANVAS-24X36,,,170 Avenue F,,,,150,150
dark-kimono,Dark Kimono,Size,24x36,Print Type,Gallery Wrapped Canvas,,,DARK-KIMONO-GALLERY-WRAPPED-CANVAS-24X36,,,Printful,,,,not stocked,not stocked
dark-kimono,Dark Kimono,Size,36x48,Print Type,Gallery Wrapped Canvas,,,DARK-KIMONO-GALLERY-WRAPPED-CANVAS-36X48,,,170 Avenue F,,,,105,105
dark-kimono,Dark Kimono,Size,36x48,Print Type,Gallery Wrapped Canvas,,,DARK-KIMONO-GALLERY-WRAPPED-CANVAS-36X48,,,Printful,,,,not stocked,not stocked
dark-kimono,Dark Kimono,Size,53x72,Print Type,Gallery Wrapped Canvas,,,DARK-KIMONO-GALLERY-WRAPPED-CANVAS-53X72,,,170 Avenue F,,,,45,45
dark-kimono,Dark Kimono,Size,53x72,Print Type,Gallery Wrapped Canvas,,,DARK-KIMONO-GALLERY-WRAPPED-CANVAS-53X72,,,Printful,,,,not stocked,not stocked
earth-echoes,Earth Echoes,Size,24x36,Print Type,Canvas Roll,,,EARTH-ECHOES-CANVAS-ROLL-24X36,,,170 Avenue F,,,,150,150
earth-echoes,Earth Echoes,Size,24x36,Print Type,Canvas Roll,,,EARTH-ECHOES-CANVAS-ROLL-24X36,,,Printful,,,,not stocked,not stocked
earth-echoes,Earth Echoes,Size,36x48,Print Type,Canvas Roll,,,EARTH-ECHOES-CANVAS-ROLL-36X48,,,170 Avenue F,,,,105,105
earth-echoes,Earth Echoes,Size,36x48,Print Type,Canvas Roll,,,EARTH-ECHOES-CANVAS-ROLL-36X48,,,Printful,,,,not stocked,not stocked
earth-echoes,Earth Echoes,Size,53x72,Print Type,Canvas Roll,,,EARTH-ECHOES-CANVAS-ROLL-53X72,,,170 Avenue F,,,,45,45
earth-echoes,Earth Echoes,Size,53x72,Print Type,Canvas Roll,,,EARTH-ECHOES-CANVAS-ROLL-53X72,,,Printful,,,,not stocked,not stocked
earth-echoes,Earth Echoes,Size,24x36,Print Type,Gallery Wrapped Canvas,,,EARTH-ECHOES-GALLERY-WRAPPED-CANVAS-24X36,,,170 Avenue F,,,,150,150
earth-echoes,Earth Echoes,Size,24x36,Print Type,Gallery Wrapped Canvas,,,EARTH-ECHOES-GALLERY-WRAPPED-CANVAS-24X36,,,Printful,,,,not stocked,not stocked
earth-echoes,Earth Echoes,Size,36x48,Print Type,Gallery Wrapped Canvas,,,EARTH-ECHOES-GALLERY-WRAPPED-CANVAS-36X48,,,170 Avenue F,,,,105,105
earth-echoes,Earth Echoes,Size,36x48,Print Type,Gallery Wrapped Canvas,,,EARTH-ECHOES-GALLERY-WRAPPED-CANVAS-36X48,,,Printful,,,,not stocked,not stocked
earth-echoes,Earth Echoes,Size,53x72,Print Type,Gallery Wrapped Canvas,,,EARTH-ECHOES-GALLERY-WRAPPED-CANVAS-53X72,,,170 Avenue F,,,,45,45
earth-echoes,Earth Echoes,Size,53x72,Print Type,Gallery Wrapped Canvas,,,EARTH-ECHOES-GALLERY-WRAPPED-CANVAS-53X72,,,Printful,,,,not stocked,not stocked
earthy-kimono,Earthy Kimono,Size,24x36,Print Type,Canvas Roll,,,EARTHY-KIMONO-CANVAS-ROLL-24X36,,,170 Avenue F,,,,150,150
earthy-kimono,Earthy Kimono,Size,24x36,Print Type,Canvas Roll,,,EARTHY-KIMONO-CANVAS-ROLL-24X36,,,Printful,,,,not stocked,not stocked
earthy-kimono,Earthy Kimono,Size,36x48,Print Type,Canvas Roll,,,EARTHY-KIMONO-CANVAS-ROLL-36X48,,,170 Avenue F,,,,105,105
earthy-kimono,Earthy Kimono,Size,36x48,Print Type,Canvas Roll,,,EARTHY-KIMONO-CANVAS-ROLL-36X48,,,Printful,,,,not stocked,not stocked
earthy-kimono,Earthy Kimono,Size,53x72,Print Type,Canvas Roll,,,EARTHY-KIMONO-CANVAS-ROLL-53X72,,,170 Avenue F,,,,45,45
earthy-kimono,Earthy Kimono,Size,53x72,Print Type,Canvas Roll,,,EARTHY-KIMONO-CANVAS-ROLL-53X72,,,Printful,,,,not stocked,not stocked
earthy-kimono,Earthy Kimono,Size,24x36,Print Type,Gallery Wrapped Canvas,,,EARTHY-KIMONO-GALLERY-WRAPPED-CANVAS-24X36,,,170 Avenue F,,,,150,150
earthy-kimono,Earthy Kimono,Size,24x36,Print Type,Gallery Wrapped Canvas,,,EARTHY-KIMONO-GALLERY-WRAPPED-CANVAS-24X36,,,Printful,,,,not stocked,not stocked
earthy-kimono,Earthy Kimono,Size,36x48,Print Type,Gallery Wrapped Canvas,,,EARTHY-KIMONO-GALLERY-WRAPPED-CANVAS-36X48,,,170 Avenue F,,,,105,105
earthy-kimono,Earthy Kimono,Size,36x48,Print Type,Gallery Wrapped Canvas,,,EARTHY-KIMONO-GALLERY-WRAPPED-CANVAS-36X48,,,Printful,,,,not stocked,not stocked
earthy-kimono,Earthy Kimono,Size,53x72,Print Type,Gallery Wrapped Canvas,,,EARTHY-KIMONO-GALLERY-WRAPPED-CANVAS-53X72,,,170 Avenue F,,,,45,45
earthy-kimono,Earthy Kimono,Size,53x72,Print Type,Gallery Wrapped Canvas,,,EARTHY-KIMONO-GALLERY-WRAPPED-CANVAS-53X72,,,Printful,,,,not stocked,not stocked
earthy-shade,Earthy Shade,Size,24x36,Print Type,Canvas Roll,,,EARTHY-SHADE-CANVAS-ROLL-24X36,,,170 Avenue F,,,,150,150
earthy-shade,Earthy Shade,Size,24x36,Print Type,Canvas Roll,,,EARTHY-SHADE-CANVAS-ROLL-24X36,,,Printful,,,,not stocked,not stocked
earthy-shade,Earthy Shade,Size,36x48,Print Type,Canvas Roll,,,EARTHY-SHADE-CANVAS-ROLL-36X48,,,170 Avenue F,,,,105,105
earthy-shade,Earthy Shade,Size,36x48,Print Type,Canvas Roll,,,EARTHY-SHADE-CANVAS-ROLL-36X48,,,Printful,,,,not stocked,not stocked
earthy-shade,Earthy Shade,Size,53x72,Print Type,Canvas Roll,,,EARTHY-SHADE-CANVAS-ROLL-53X72,,,170 Avenue F,,,,45,45
earthy-shade,Earthy Shade,Size,53x72,Print Type,Canvas Roll,,,EARTHY-SHADE-CANVAS-ROLL-53X72,,,Printful,,,,not stocked,not stocked
earthy-shade,Earthy Shade,Size,24x36,Print Type,Gallery Wrapped Canvas,,,EARTHY-SHADE-GALLERY-WRAPPED-CANVAS-24X36,,,170 Avenue F,,,,150,150
earthy-shade,Earthy Shade,Size,24x36,Print Type,Gallery Wrapped Canvas,,,EARTHY-SHADE-GALLERY-WRAPPED-CANVAS-24X36,,,Printful,,,,not stocked,not stocked
earthy-shade,Earthy Shade,Size,36x48,Print Type,Gallery Wrapped Canvas,,,EARTHY-SHADE-GALLERY-WRAPPED-CANVAS-36X48,,,170 Avenue F,,,,105,105
earthy-shade,Earthy Shade,Size,36x48,Print Type,Gallery Wrapped Canvas,,,EARTHY-SHADE-GALLERY-WRAPPED-CANVAS-36X48,,,Printful,,,,not stocked,not stocked
earthy-shade,Earthy Shade,Size,53x72,Print Type,Gallery Wrapped Canvas,,,EARTHY-SHADE-GALLERY-WRAPPED-CANVAS-53X72,,,170 Avenue F,,,,45,45
earthy-shade,Earthy Shade,Size,53x72,Print Type,Gallery Wrapped Canvas,,,EARTHY-SHADE-GALLERY-WRAPPED-CANVAS-53X72,,,Printful,,,,not stocked,not stocked
earthy-weave,Earthy Weave,Size,24x36,Print Type,Canvas Roll,,,EARTHY-WEAVE-CANVAS-ROLL-24X36,,,170 Avenue F,,,,150,150
earthy-weave,Earthy Weave,Size,24x36,Print Type,Canvas Roll,,,EARTHY-WEAVE-CANVAS-ROLL-24X36,,,Printful,,,,not stocked,not stocked
earthy-weave,Earthy Weave,Size,36x48,Print Type,Canvas Roll,,,EARTHY-WEAVE-CANVAS-ROLL-36X48,,,170 Avenue F,,,,105,105
earthy-weave,Earthy Weave,Size,36x48,Print Type,Canvas Roll,,,EARTHY-WEAVE-CANVAS-ROLL-36X48,,,Printful,,,,not stocked,not stocked
earthy-weave,Earthy Weave,Size,53x72,Print Type,Canvas Roll,,,EARTHY-WEAVE-CANVAS-ROLL-53X72,,,170 Avenue F,,,,45,45
earthy-weave,Earthy Weave,Size,53x72,Print Type,Canvas Roll,,,EARTHY-WEAVE-CANVAS-ROLL-53X72,,,Printful,,,,not stocked,not stocked
earthy-weave,Earthy Weave,Size,24x36,Print Type,Gallery Wrapped Canvas,,,EARTHY-WEAVE-GALLERY-WRAPPED-CANVAS-24X36,,,170 Avenue F,,,,150,150
earthy-weave,Earthy Weave,Size,24x36,Print Type,Gallery Wrapped Canvas,,,EARTHY-WEAVE-GALLERY-WRAPPED-CANVAS-24X36,,,Printful,,,,not stocked,not stocked
earthy-weave,Earthy Weave,Size,36x48,Print Type,Gallery Wrapped Canvas,,,EARTHY-WEAVE-GALLERY-WRAPPED-CANVAS-36X48,,,170 Avenue F,,,,105,105
earthy-weave,Earthy Weave,Size,36x48,Print Type,Gallery Wrapped Canvas,,,EARTHY-WEAVE-GALLERY-WRAPPED-CANVAS-36X48,,,Printful,,,,not stocked,not stocked
earthy-weave,Earthy Weave,Size,53x72,Print Type,Gallery Wrapped Canvas,,,EARTHY-WEAVE-GALLERY-WRAPPED-CANVAS-53X72,,,170 Avenue F,,,,45,45
earthy-weave,Earthy Weave,Size,53x72,Print Type,Gallery Wrapped Canvas,,,EARTHY-WEAVE-GALLERY-WRAPPED-CANVAS-53X72,,,Printful,,,,not stocked,not stocked
emerald-shade,Emerald Shade,Size,24x36,Print Type,Canvas Roll,,,EMERALD-SHADE-CANVAS-ROLL-24X36,,,170 Avenue F,,,,150,150
emerald-shade,Emerald Shade,Size,24x36,Print Type,Canvas Roll,,,EMERALD-SHADE-CANVAS-ROLL-24X36,,,Printful,,,,not stocked,not stocked
emerald-shade,Emerald Shade,Size,36x48,Print Type,Canvas Roll,,,EMERALD-SHADE-CANVAS-ROLL-36X48,,,170 Avenue F,,,,105,105
emerald-shade,Emerald Shade,Size,36x48,Print Type,Canvas Roll,,,EMERALD-SHADE-CANVAS-ROLL-36X48,,,Printful,,,,not stocked,not stocked
emerald-shade,Emerald Shade,Size,53x72,Print Type,Canvas Roll,,,EMERALD-SHADE-CANVAS-ROLL-53X72,,,170 Avenue F,,,,45,45
emerald-shade,Emerald Shade,Size,53x72,Print Type,Canvas Roll,,,EMERALD-SHADE-CANVAS-ROLL-53X72,,,Printful,,,,not stocked,not stocked
emerald-shade,Emerald Shade,Size,24x36,Print Type,Gallery Wrapped Canvas,,,EMERALD-SHADE-GALLERY-WRAPPED-CANVAS-24X36,,,170 Avenue F,,,,150,150
emerald-shade,Emerald Shade,Size,24x36,Print Type,Gallery Wrapped Canvas,,,EMERALD-SHADE-GALLERY-WRAPPED-CANVAS-24X36,,,Printful,,,,not stocked,not stocked
emerald-shade,Emerald Shade,Size,36x48,Print Type,Gallery Wrapped Canvas,,,EMERALD-SHADE-GALLERY-WRAPPED-CANVAS-36X48,,,170 Avenue F,,,,105,105
emerald-shade,Emerald Shade,Size,36x48,Print Type,Gallery Wrapped Canvas,,,EMERALD-SHADE-GALLERY-WRAPPED-CANVAS-36X48,,,Printful,,,,not stocked,not stocked
emerald-shade,Emerald Shade,Size,53x72,Print Type,Gallery Wrapped Canvas,,,EMERALD-SHADE-GALLERY-WRAPPED-CANVAS-53X72,,,170 Avenue F,,,,45,45
emerald-shade,Emerald Shade,Size,53x72,Print Type,Gallery Wrapped Canvas,,,EMERALD-SHADE-GALLERY-WRAPPED-CANVAS-53X72,,,Printful,,,,not stocked,not stocked
festive-patterns-no1,Festive Patterns No1,Size,24x36,Print Type,Canvas Roll,,,FESTIVE-PATTERNS-NO1-CANVAS-ROLL-24X36,,,170 Avenue F,,,,150,150
festive-patterns-no1,Festive Patterns No1,Size,24x36,Print Type,Canvas Roll,,,FESTIVE-PATTERNS-NO1-CANVAS-ROLL-24X36,,,Printful,,,,not stocked,not stocked
festive-patterns-no1,Festive Patterns No1,Size,36x48,Print Type,Canvas Roll,,,FESTIVE-PATTERNS-NO1-CANVAS-ROLL-36X48,,,170 Avenue F,,,,105,105
festive-patterns-no1,Festive Patterns No1,Size,36x48,Print Type,Canvas Roll,,,FESTIVE-PATTERNS-NO1-CANVAS-ROLL-36X48,,,Printful,,,,not stocked,not stocked
festive-patterns-no1,Festive Patterns No1,Size,53x72,Print Type,Canvas Roll,,,FESTIVE-PATTERNS-NO1-CANVAS-ROLL-53X72,,,170 Avenue F,,,,45,45
festive-patterns-no1,Festive Patterns No1,Size,53x72,Print Type,Canvas Roll,,,FESTIVE-PATTERNS-NO1-CANVAS-ROLL-53X72,,,Printful,,,,not stocked,not stocked
festive-patterns-no1,Festive Patterns No1,Size,24x36,Print Type,Gallery Wrapped Canvas,,,FESTIVE-PATTERNS-NO1-GALLERY-WRAPPED-CANVAS-24X36,,,170 Avenue F,,,,150,150
festive-patterns-no1,Festive Patterns No1,Size,24x36,Print Type,Gallery Wrapped Canvas,,,FESTIVE-PATTERNS-NO1-GALLERY-WRAPPED-CANVAS-24X36,,,Printful,,,,not stocked,not stocked
festive-patterns-no1,Festive Patterns No1,Size,36x48,Print Type,Gallery Wrapped Canvas,,,FESTIVE-PATTERNS-NO1-GALLERY-WRAPPED-CANVAS-36X48,,,170 Avenue F,,,,105,105
festive-patterns-no1,Festive Patterns No1,Size,36x48,Print Type,Gallery Wrapped Canvas,,,FESTIVE-PATTERNS-NO1-GALLERY-WRAPPED-CANVAS-36X48,,,Printful,,,,not stocked,not stocked
festive-patterns-no1,Festive Patterns No1,Size,53x72,Print Type,Gallery Wrapped Canvas,,,FESTIVE-PATTERNS-NO1-GALLERY-WRAPPED-CANVAS-53X72,,,170 Avenue F,,,,45,45
festive-patterns-no1,Festive Patterns No1,Size,53x72,Print Type,Gallery Wrapped Canvas,,,FESTIVE-PATTERNS-NO1-GALLERY-WRAPPED-CANVAS-53X72,,,Printful,,,,not stocked,not stocked
festive-patterns-no2,Festive Patterns No2,Size,24x36,Print Type,Canvas Roll,,,FESTIVE-PATTERNS-NO2-CANVAS-ROLL-24X36,,,170 Avenue F,,,,150,150
festive-patterns-no2,Festive Patterns No2,Size,24x36,Print Type,Canvas Roll,,,FESTIVE-PATTERNS-NO2-CANVAS-ROLL-24X36,,,Printful,,,,not stocked,not stocked
festive-patterns-no2,Festive Patterns No2,Size,36x48,Print Type,Canvas Roll,,,FESTIVE-PATTERNS-NO2-CANVAS-ROLL-36X48,,,170 Avenue F,,,,105,105
festive-patterns-no2,Festive Patterns No2,Size,36x48,Print Type,Canvas Roll,,,FESTIVE-PATTERNS-NO2-CANVAS-ROLL-36X48,,,Printful,,,,not stocked,not stocked
festive-patterns-no2,Festive Patterns No2,Size,53x72,Print Type,Canvas Roll,,,FESTIVE-PATTERNS-NO2-CANVAS-ROLL-53X72,,,170 Avenue F,,,,45,45
festive-patterns-no2,Festive Patterns No2,Size,53x72,Print Type,Canvas Roll,,,FESTIVE-PATTERNS-NO2-CANVAS-ROLL-53X72,,,Printful,,,,not stocked,not stocked
festive-patterns-no2,Festive Patterns No2,Size,24x36,Print Type,Gallery Wrapped Canvas,,,FESTIVE-PATTERNS-NO2-GALLERY-WRAPPED-CANVAS-24X36,,,170 Avenue F,,,,150,150
festive-patterns-no2,Festive Patterns No2,Size,24x36,Print Type,Gallery Wrapped Canvas,,,FESTIVE-PATTERNS-NO2-GALLERY-WRAPPED-CANVAS-24X36,,,Printful,,,,not stocked,not stocked
festive-patterns-no2,Festive Patterns No2,Size,36x48,Print Type,Gallery Wrapped Canvas,,,FESTIVE-PATTERNS-NO2-GALLERY-WRAPPED-CANVAS-36X48,,,170 Avenue F,,,,105,105
festive-patterns-no2,Festive Patterns No2,Size,36x48,Print Type,Gallery Wrapped Canvas,,,FESTIVE-PATTERNS-NO2-GALLERY-WRAPPED-CANVAS-36X48,,,Printful,,,,not stocked,not stocked
festive-patterns-no2,Festive Patterns No2,Size,53x72,Print Type,Gallery Wrapped Canvas,,,FESTIVE-PATTERNS-NO2-GALLERY-WRAPPED-CANVAS-53X72,,,170 Avenue F,,,,45,45
festive-patterns-no2,Festive Patterns No2,Size,53x72,Print Type,Gallery Wrapped Canvas,,,FESTIVE-PATTERNS-NO2-GALLERY-WRAPPED-CANVAS-53X72,,,Printful,,,,not stocked,not stocked
festive-patterns-no3,Festive Patterns No3,Size,24x36,Print Type,Canvas Roll,,,FESTIVE-PATTERNS-NO3-CANVAS-ROLL-24X36,,,170 Avenue F,,,,150,150
festive-patterns-no3,Festive Patterns No3,Size,24x36,Print Type,Canvas Roll,,,FESTIVE-PATTERNS-NO3-CANVAS-ROLL-24X36,,,Printful,,,,not stocked,not stocked
festive-patterns-no3,Festive Patterns No3,Size,36x48,Print Type,Canvas Roll,,,FESTIVE-PATTERNS-NO3-CANVAS-ROLL-36X48,,,170 Avenue F,,,,105,105
festive-patterns-no3,Festive Patterns No3,Size,36x48,Print Type,Canvas Roll,,,FESTIVE-PATTERNS-NO3-CANVAS-ROLL-36X48,,,Printful,,,,not stocked,not stocked
festive-patterns-no3,Festive Patterns No3,Size,53x72,Print Type,Canvas Roll,,,FESTIVE-PATTERNS-NO3-CANVAS-ROLL-53X72,,,170 Avenue F,,,,45,45
festive-patterns-no3,Festive Patterns No3,Size,53x72,Print Type,Canvas Roll,,,FESTIVE-PATTERNS-NO3-CANVAS-ROLL-53X72,,,Printful,,,,not stocked,not stocked
festive-patterns-no3,Festive Patterns No3,Size,24x36,Print Type,Gallery Wrapped Canvas,,,FESTIVE-PATTERNS-NO3-GALLERY-WRAPPED-CANVAS-24X36,,,170 Avenue F,,,,150,150
festive-patterns-no3,Festive Patterns No3,Size,24x36,Print Type,Gallery Wrapped Canvas,,,FESTIVE-PATTERNS-NO3-GALLERY-WRAPPED-CANVAS-24X36,,,Printful,,,,not stocked,not stocked
festive-patterns-no3,Festive Patterns No3,Size,36x48,Print Type,Gallery Wrapped Canvas,,,FESTIVE-PATTERNS-NO3-GALLERY-WRAPPED-CANVAS-36X48,,,170 Avenue F,,,,105,105
festive-patterns-no3,Festive Patterns No3,Size,36x48,Print Type,Gallery Wrapped Canvas,,,FESTIVE-PATTERNS-NO3-GALLERY-WRAPPED-CANVAS-36X48,,,Printful,,,,not stocked,not stocked
festive-patterns-no3,Festive Patterns No3,Size,53x72,Print Type,Gallery Wrapped Canvas,,,FESTIVE-PATTERNS-NO3-GALLERY-WRAPPED-CANVAS-53X72,,,170 Avenue F,,,,45,45
festive-patterns-no3,Festive Patterns No3,Size,53x72,Print Type,Gallery Wrapped Canvas,,,FESTIVE-PATTERNS-NO3-GALLERY-WRAPPED-CANVAS-53X72,,,Printful,,,,not stocked,not stocked
fractal-color-dark,Fractal Color Dark,Size,24x36,Print Type,Canvas Roll,,,FRACTAL-COLOR-DARK-CANVAS-ROLL-24X36,,,170 Avenue F,,,,150,150
fractal-color-dark,Fractal Color Dark,Size,24x36,Print Type,Canvas Roll,,,FRACTAL-COLOR-DARK-CANVAS-ROLL-24X36,,,Printful,,,,not stocked,not stocked
fractal-color-dark,Fractal Color Dark,Size,36x48,Print Type,Canvas Roll,,,FRACTAL-COLOR-DARK-CANVAS-ROLL-36X48,,,170 Avenue F,,,,105,105
fractal-color-dark,Fractal Color Dark,Size,36x48,Print Type,Canvas Roll,,,FRACTAL-COLOR-DARK-CANVAS-ROLL-36X48,,,Printful,,,,not stocked,not stocked
fractal-color-dark,Fractal Color Dark,Size,53x72,Print Type,Canvas Roll,,,FRACTAL-COLOR-DARK-CANVAS-ROLL-53X72,,,170 Avenue F,,,,45,45
fractal-color-dark,Fractal Color Dark,Size,53x72,Print Type,Canvas Roll,,,FRACTAL-COLOR-DARK-CANVAS-ROLL-53X72,,,Printful,,,,not stocked,not stocked
fractal-color-dark-double,Fractal Color Dark Double,Size,24x36,Print Type,Canvas Roll,,,FRACTAL-COLOR-DARK-DOUBLE-CANVAS-ROLL-24X36,,,170 Avenue F,,,,150,150
fractal-color-dark-double,Fractal Color Dark Double,Size,24x36,Print Type,Canvas Roll,,,FRACTAL-COLOR-DARK-DOUBLE-CANVAS-ROLL-24X36,,,Printful,,,,not stocked,not stocked
fractal-color-dark-double,Fractal Color Dark Double,Size,36x48,Print Type,Canvas Roll,,,FRACTAL-COLOR-DARK-DOUBLE-CANVAS-ROLL-36X48,,,170 Avenue F,,,,105,105
fractal-color-dark-double,Fractal Color Dark Double,Size,36x48,Print Type,Canvas Roll,,,FRACTAL-COLOR-DARK-DOUBLE-CANVAS-ROLL-36X48,,,Printful,,,,not stocked,not stocked
fractal-color-dark-double,Fractal Color Dark Double,Size,53x72,Print Type,Canvas Roll,,,FRACTAL-COLOR-DARK-DOUBLE-CANVAS-ROLL-53X72,,,170 Avenue F,,,,45,45
fractal-color-dark-double,Fractal Color Dark Double,Size,53x72,Print Type,Canvas Roll,,,FRACTAL-COLOR-DARK-DOUBLE-CANVAS-ROLL-53X72,,,Printful,,,,not stocked,not stocked
fractal-color-dark-double,Fractal Color Dark Double,Size,24x36,Print Type,Gallery Wrapped Canvas,,,FRACTAL-COLOR-DARK-DOUBLE-GALLERY-WRAPPED-CANVAS-24X36,,,170 Avenue F,,,,150,150
fractal-color-dark-double,Fractal Color Dark Double,Size,24x36,Print Type,Gallery Wrapped Canvas,,,FRACTAL-COLOR-DARK-DOUBLE-GALLERY-WRAPPED-CANVAS-24X36,,,Printful,,,,not stocked,not stocked
fractal-color-dark-double,Fractal Color Dark Double,Size,36x48,Print Type,Gallery Wrapped Canvas,,,FRACTAL-COLOR-DARK-DOUBLE-GALLERY-WRAPPED-CANVAS-36X48,,,170 Avenue F,,,,105,105
fractal-color-dark-double,Fractal Color Dark Double,Size,36x48,Print Type,Gallery Wrapped Canvas,,,FRACTAL-COLOR-DARK-DOUBLE-GALLERY-WRAPPED-CANVAS-36X48,,,Printful,,,,not stocked,not stocked
fractal-color-dark-double,Fractal Color Dark Double,Size,53x72,Print Type,Gallery Wrapped Canvas,,,FRACTAL-COLOR-DARK-DOUBLE-GALLERY-WRAPPED-CANVAS-53X72,,,170 Avenue F,,,,45,45
fractal-color-dark-double,Fractal Color Dark Double,Size,53x72,Print Type,Gallery Wrapped Canvas,,,FRACTAL-COLOR-DARK-DOUBLE-GALLERY-WRAPPED-CANVAS-53X72,,,Printful,,,,not stocked,not stocked
fractal-color-dark,Fractal Color Dark,Size,24x36,Print Type,Gallery Wrapped Canvas,,,FRACTAL-COLOR-DARK-GALLERY-WRAPPED-CANVAS-24X36,,,170 Avenue F,,,,150,150
fractal-color-dark,Fractal Color Dark,Size,24x36,Print Type,Gallery Wrapped Canvas,,,FRACTAL-COLOR-DARK-GALLERY-WRAPPED-CANVAS-24X36,,,Printful,,,,not stocked,not stocked
fractal-color-dark,Fractal Color Dark,Size,36x48,Print Type,Gallery Wrapped Canvas,,,FRACTAL-COLOR-DARK-GALLERY-WRAPPED-CANVAS-36X48,,,170 Avenue F,,,,105,105
fractal-color-dark,Fractal Color Dark,Size,36x48,Print Type,Gallery Wrapped Canvas,,,FRACTAL-COLOR-DARK-GALLERY-WRAPPED-CANVAS-36X48,,,Printful,,,,not stocked,not stocked
fractal-color-dark,Fractal Color Dark,Size,53x72,Print Type,Gallery Wrapped Canvas,,,FRACTAL-COLOR-DARK-GALLERY-WRAPPED-CANVAS-53X72,,,170 Avenue F,,,,45,45
fractal-color-dark,Fractal Color Dark,Size,53x72,Print Type,Gallery Wrapped Canvas,,,FRACTAL-COLOR-DARK-GALLERY-WRAPPED-CANVAS-53X72,,,Printful,,,,not stocked,not stocked
fractal-color-light,Fractal Color Light,Size,24x36,Print Type,Canvas Roll,,,FRACTAL-COLOR-LIGHT-CANVAS-ROLL-24X36,,,170 Avenue F,,,,150,150
fractal-color-light,Fractal Color Light,Size,24x36,Print Type,Canvas Roll,,,FRACTAL-COLOR-LIGHT-CANVAS-ROLL-24X36,,,Printful,,,,not stocked,not stocked
fractal-color-light,Fractal Color Light,Size,36x48,Print Type,Canvas Roll,,,FRACTAL-COLOR-LIGHT-CANVAS-ROLL-36X48,,,170 Avenue F,,,,105,105
fractal-color-light,Fractal Color Light,Size,36x48,Print Type,Canvas Roll,,,FRACTAL-COLOR-LIGHT-CANVAS-ROLL-36X48,,,Printful,,,,not stocked,not stocked
fractal-color-light,Fractal Color Light,Size,53x72,Print Type,Canvas Roll,,,FRACTAL-COLOR-LIGHT-CANVAS-ROLL-53X72,,,170 Avenue F,,,,45,45
fractal-color-light,Fractal Color Light,Size,53x72,Print Type,Canvas Roll,,,FRACTAL-COLOR-LIGHT-CANVAS-ROLL-53X72,,,Printful,,,,not stocked,not stocked
fractal-color-light,Fractal Color Light,Size,24x36,Print Type,Gallery Wrapped Canvas,,,FRACTAL-COLOR-LIGHT-GALLERY-WRAPPED-CANVAS-24X36,,,170 Avenue F,,,,150,150
fractal-color-light,Fractal Color Light,Size,24x36,Print Type,Gallery Wrapped Canvas,,,FRACTAL-COLOR-LIGHT-GALLERY-WRAPPED-CANVAS-24X36,,,Printful,,,,not stocked,not stocked
fractal-color-light,Fractal Color Light,Size,36x48,Print Type,Gallery Wrapped Canvas,,,FRACTAL-COLOR-LIGHT-GALLERY-WRAPPED-CANVAS-36X48,,,170 Avenue F,,,,105,105
fractal-color-light,Fractal Color Light,Size,36x48,Print Type,Gallery Wrapped Canvas,,,FRACTAL-COLOR-LIGHT-GALLERY-WRAPPED-CANVAS-36X48,,,Printful,,,,not stocked,not stocked
fractal-color-light,Fractal Color Light,Size,53x72,Print Type,Gallery Wrapped Canvas,,,FRACTAL-COLOR-LIGHT-GALLERY-WRAPPED-CANVAS-53X72,,,170 Avenue F,,,,45,45
fractal-color-light,Fractal Color Light,Size,53x72,Print Type,Gallery Wrapped Canvas,,,FRACTAL-COLOR-LIGHT-GALLERY-WRAPPED-CANVAS-53X72,,,Printful,,,,not stocked,not stocked
fractal-color-red,Fractal Color Red,Size,24x36,Print Type,Canvas Roll,,,FRACTAL-COLOR-RED-CANVAS-ROLL-24X36,,,170 Avenue F,,,,150,150
fractal-color-red,Fractal Color Red,Size,24x36,Print Type,Canvas Roll,,,FRACTAL-COLOR-RED-CANVAS-ROLL-24X36,,,Printful,,,,not stocked,not stocked
fractal-color-red,Fractal Color Red,Size,36x48,Print Type,Canvas Roll,,,FRACTAL-COLOR-RED-CANVAS-ROLL-36X48,,,170 Avenue F,,,,105,105
fractal-color-red,Fractal Color Red,Size,36x48,Print Type,Canvas Roll,,,FRACTAL-COLOR-RED-CANVAS-ROLL-36X48,,,Printful,,,,not stocked,not stocked
fractal-color-red,Fractal Color Red,Size,53x72,Print Type,Canvas Roll,,,FRACTAL-COLOR-RED-CANVAS-ROLL-53X72,,,170 Avenue F,,,,45,45
fractal-color-red,Fractal Color Red,Size,53x72,Print Type,Canvas Roll,,,FRACTAL-COLOR-RED-CANVAS-ROLL-53X72,,,Printful,,,,not stocked,not stocked
fractal-color-red,Fractal Color Red,Size,24x36,Print Type,Gallery Wrapped Canvas,,,FRACTAL-COLOR-RED-GALLERY-WRAPPED-CANVAS-24X36,,,170 Avenue F,,,,150,150
fractal-color-red,Fractal Color Red,Size,24x36,Print Type,Gallery Wrapped Canvas,,,FRACTAL-COLOR-RED-GALLERY-WRAPPED-CANVAS-24X36,,,Printful,,,,not stocked,not stocked
fractal-color-red,Fractal Color Red,Size,36x48,Print Type,Gallery Wrapped Canvas,,,FRACTAL-COLOR-RED-GALLERY-WRAPPED-CANVAS-36X48,,,170 Avenue F,,,,105,105
fractal-color-red,Fractal Color Red,Size,36x48,Print Type,Gallery Wrapped Canvas,,,FRACTAL-COLOR-RED-GALLERY-WRAPPED-CANVAS-36X48,,,Printful,,,,not stocked,not stocked
fractal-color-red,Fractal Color Red,Size,53x72,Print Type,Gallery Wrapped Canvas,,,FRACTAL-COLOR-RED-GALLERY-WRAPPED-CANVAS-53X72,,,170 Avenue F,,,,45,45
fractal-color-red,Fractal Color Red,Size,53x72,Print Type,Gallery Wrapped Canvas,,,FRACTAL-COLOR-RED-GALLERY-WRAPPED-CANVAS-53X72,,,Printful,,,,not stocked,not stocked
fractal-double-red,Fractal Double Red,Size,24x36,Print Type,Canvas Roll,,,FRACTAL-DOUBLE-RED-CANVAS-ROLL-24X36,,,170 Avenue F,,,,150,150
fractal-double-red,Fractal Double Red,Size,24x36,Print Type,Canvas Roll,,,FRACTAL-DOUBLE-RED-CANVAS-ROLL-24X36,,,Printful,,,,not stocked,not stocked
fractal-double-red,Fractal Double Red,Size,36x48,Print Type,Canvas Roll,,,FRACTAL-DOUBLE-RED-CANVAS-ROLL-36X48,,,170 Avenue F,,,,105,105
fractal-double-red,Fractal Double Red,Size,36x48,Print Type,Canvas Roll,,,FRACTAL-DOUBLE-RED-CANVAS-ROLL-36X48,,,Printful,,,,not stocked,not stocked
fractal-double-red,Fractal Double Red,Size,53x72,Print Type,Canvas Roll,,,FRACTAL-DOUBLE-RED-CANVAS-ROLL-53X72,,,170 Avenue F,,,,45,45
fractal-double-red,Fractal Double Red,Size,53x72,Print Type,Canvas Roll,,,FRACTAL-DOUBLE-RED-CANVAS-ROLL-53X72,,,Printful,,,,not stocked,not stocked
fractal-double-red,Fractal Double Red,Size,24x36,Print Type,Gallery Wrapped Canvas,,,FRACTAL-DOUBLE-RED-GALLERY-WRAPPED-CANVAS-24X36,,,170 Avenue F,,,,150,150
fractal-double-red,Fractal Double Red,Size,24x36,Print Type,Gallery Wrapped Canvas,,,FRACTAL-DOUBLE-RED-GALLERY-WRAPPED-CANVAS-24X36,,,Printful,,,,not stocked,not stocked
fractal-double-red,Fractal Double Red,Size,36x48,Print Type,Gallery Wrapped Canvas,,,FRACTAL-DOUBLE-RED-GALLERY-WRAPPED-CANVAS-36X48,,,170 Avenue F,,,,105,105
fractal-double-red,Fractal Double Red,Size,36x48,Print Type,Gallery Wrapped Canvas,,,FRACTAL-DOUBLE-RED-GALLERY-WRAPPED-CANVAS-36X48,,,Printful,,,,not stocked,not stocked
fractal-double-red,Fractal Double Red,Size,53x72,Print Type,Gallery Wrapped Canvas,,,FRACTAL-DOUBLE-RED-GALLERY-WRAPPED-CANVAS-53X72,,,170 Avenue F,,,,45,45
fractal-double-red,Fractal Double Red,Size,53x72,Print Type,Gallery Wrapped Canvas,,,FRACTAL-DOUBLE-RED-GALLERY-WRAPPED-CANVAS-53X72,,,Printful,,,,not stocked,not stocked
fractal-noir,Fractal Noir,Size,24x36,Print Type,Canvas Roll,,,FRACTAL-NOIR-CANVAS-ROLL-24X36,,,170 Avenue F,,,,150,150
fractal-noir,Fractal Noir,Size,24x36,Print Type,Canvas Roll,,,FRACTAL-NOIR-CANVAS-ROLL-24X36,,,Printful,,,,not stocked,not stocked
fractal-noir,Fractal Noir,Size,36x48,Print Type,Canvas Roll,,,FRACTAL-NOIR-CANVAS-ROLL-36X48,,,170 Avenue F,,,,105,105
fractal-noir,Fractal Noir,Size,36x48,Print Type,Canvas Roll,,,FRACTAL-NOIR-CANVAS-ROLL-36X48,,,Printful,,,,not stocked,not stocked
fractal-noir,Fractal Noir,Size,53x72,Print Type,Canvas Roll,,,FRACTAL-NOIR-CANVAS-ROLL-53X72,,,170 Avenue F,,,,45,45
fractal-noir,Fractal Noir,Size,53x72,Print Type,Canvas Roll,,,FRACTAL-NOIR-CANVAS-ROLL-53X72,,,Printful,,,,not stocked,not stocked
fractal-noir-double,Fractal Noir Double,Size,24x36,Print Type,Canvas Roll,,,FRACTAL-NOIR-DOUBLE-CANVAS-ROLL-24X36,,,170 Avenue F,,,,150,150
fractal-noir-double,Fractal Noir Double,Size,24x36,Print Type,Canvas Roll,,,FRACTAL-NOIR-DOUBLE-CANVAS-ROLL-24X36,,,Printful,,,,not stocked,not stocked
fractal-noir-double,Fractal Noir Double,Size,36x48,Print Type,Canvas Roll,,,FRACTAL-NOIR-DOUBLE-CANVAS-ROLL-36X48,,,170 Avenue F,,,,105,105
fractal-noir-double,Fractal Noir Double,Size,36x48,Print Type,Canvas Roll,,,FRACTAL-NOIR-DOUBLE-CANVAS-ROLL-36X48,,,Printful,,,,not stocked,not stocked
fractal-noir-double,Fractal Noir Double,Size,53x72,Print Type,Canvas Roll,,,FRACTAL-NOIR-DOUBLE-CANVAS-ROLL-53X72,,,170 Avenue F,,,,45,45
fractal-noir-double,Fractal Noir Double,Size,53x72,Print Type,Canvas Roll,,,FRACTAL-NOIR-DOUBLE-CANVAS-ROLL-53X72,,,Printful,,,,not stocked,not stocked
fractal-noir-double,Fractal Noir Double,Size,24x36,Print Type,Gallery Wrapped Canvas,,,FRACTAL-NOIR-DOUBLE-GALLERY-WRAPPED-CANVAS-24X36,,,170 Avenue F,,,,150,150
fractal-noir-double,Fractal Noir Double,Size,24x36,Print Type,Gallery Wrapped Canvas,,,FRACTAL-NOIR-DOUBLE-GALLERY-WRAPPED-CANVAS-24X36,,,Printful,,,,not stocked,not stocked
fractal-noir-double,Fractal Noir Double,Size,36x48,Print Type,Gallery Wrapped Canvas,,,FRACTAL-NOIR-DOUBLE-GALLERY-WRAPPED-CANVAS-36X48,,,170 Avenue F,,,,105,105
fractal-noir-double,Fractal Noir Double,Size,36x48,Print Type,Gallery Wrapped Canvas,,,FRACTAL-NOIR-DOUBLE-GALLERY-WRAPPED-CANVAS-36X48,,,Printful,,,,not stocked,not stocked
fractal-noir-double,Fractal Noir Double,Size,53x72,Print Type,Gallery Wrapped Canvas,,,FRACTAL-NOIR-DOUBLE-GALLERY-WRAPPED-CANVAS-53X72,,,170 Avenue F,,,,45,45
fractal-noir-double,Fractal Noir Double,Size,53x72,Print Type,Gallery Wrapped Canvas,,,FRACTAL-NOIR-DOUBLE-GALLERY-WRAPPED-CANVAS-53X72,,,Printful,,,,not stocked,not stocked
fractal-noir,Fractal Noir,Size,24x36,Print Type,Gallery Wrapped Canvas,,,FRACTAL-NOIR-GALLERY-WRAPPED-CANVAS-24X36,,,170 Avenue F,,,,150,150
fractal-noir,Fractal Noir,Size,24x36,Print Type,Gallery Wrapped Canvas,,,FRACTAL-NOIR-GALLERY-WRAPPED-CANVAS-24X36,,,Printful,,,,not stocked,not stocked
fractal-noir,Fractal Noir,Size,36x48,Print Type,Gallery Wrapped Canvas,,,FRACTAL-NOIR-GALLERY-WRAPPED-CANVAS-36X48,,,170 Avenue F,,,,105,105
fractal-noir,Fractal Noir,Size,36x48,Print Type,Gallery Wrapped Canvas,,,FRACTAL-NOIR-GALLERY-WRAPPED-CANVAS-36X48,,,Printful,,,,not stocked,not stocked
fractal-noir,Fractal Noir,Size,53x72,Print Type,Gallery Wrapped Canvas,,,FRACTAL-NOIR-GALLERY-WRAPPED-CANVAS-53X72,,,170 Avenue F,,,,45,45
fractal-noir,Fractal Noir,Size,53x72,Print Type,Gallery Wrapped Canvas,,,FRACTAL-NOIR-GALLERY-WRAPPED-CANVAS-53X72,,,Printful,,,,not stocked,not stocked
intersecting-perspectives-no2,Intersecting Perspectives No2,Size,24x36,Print Type,Canvas Roll,,,INTERSECTING-PERSPECTIVES-NO2-CANVAS-ROLL-24X36,,,170 Avenue F,,,,150,150
intersecting-perspectives-no2,Intersecting Perspectives No2,Size,24x36,Print Type,Canvas Roll,,,INTERSECTING-PERSPECTIVES-NO2-CANVAS-ROLL-24X36,,,Printful,,,,not stocked,not stocked
intersecting-perspectives-no2,Intersecting Perspectives No2,Size,36x48,Print Type,Canvas Roll,,,INTERSECTING-PERSPECTIVES-NO2-CANVAS-ROLL-36X48,,,170 Avenue F,,,,105,105
intersecting-perspectives-no2,Intersecting Perspectives No2,Size,36x48,Print Type,Canvas Roll,,,INTERSECTING-PERSPECTIVES-NO2-CANVAS-ROLL-36X48,,,Printful,,,,not stocked,not stocked
intersecting-perspectives-no2,Intersecting Perspectives No2,Size,53x72,Print Type,Canvas Roll,,,INTERSECTING-PERSPECTIVES-NO2-CANVAS-ROLL-53X72,,,170 Avenue F,,,,45,45
intersecting-perspectives-no2,Intersecting Perspectives No2,Size,53x72,Print Type,Canvas Roll,,,INTERSECTING-PERSPECTIVES-NO2-CANVAS-ROLL-53X72,,,Printful,,,,not stocked,not stocked
intersecting-perspectives-no2,Intersecting Perspectives No2,Size,24x36,Print Type,Gallery Wrapped Canvas,,,INTERSECTING-PERSPECTIVES-NO2-GALLERY-WRAPPED-CANVAS-24X36,,,170 Avenue F,,,,150,150
intersecting-perspectives-no2,Intersecting Perspectives No2,Size,24x36,Print Type,Gallery Wrapped Canvas,,,INTERSECTING-PERSPECTIVES-NO2-GALLERY-WRAPPED-CANVAS-24X36,,,Printful,,,,not stocked,not stocked
intersecting-perspectives-no2,Intersecting Perspectives No2,Size,36x48,Print Type,Gallery Wrapped Canvas,,,INTERSECTING-PERSPECTIVES-NO2-GALLERY-WRAPPED-CANVAS-36X48,,,170 Avenue F,,,,105,105
intersecting-perspectives-no2,Intersecting Perspectives No2,Size,36x48,Print Type,Gallery Wrapped Canvas,,,INTERSECTING-PERSPECTIVES-NO2-GALLERY-WRAPPED-CANVAS-36X48,,,Printful,,,,not stocked,not stocked
intersecting-perspectives-no2,Intersecting Perspectives No2,Size,53x72,Print Type,Gallery Wrapped Canvas,,,INTERSECTING-PERSPECTIVES-NO2-GALLERY-WRAPPED-CANVAS-53X72,,,170 Avenue F,,,,45,45
intersecting-perspectives-no2,Intersecting Perspectives No2,Size,53x72,Print Type,Gallery Wrapped Canvas,,,INTERSECTING-PERSPECTIVES-NO2-GALLERY-WRAPPED-CANVAS-53X72,,,Printful,,,,not stocked,not stocked
intersecting-perspectives-no3,Intersecting Perspectives No3,Size,24x36,Print Type,Canvas Roll,,,INTERSECTING-PERSPECTIVES-NO3-CANVAS-ROLL-24X36,,,170 Avenue F,,,,150,150
intersecting-perspectives-no3,Intersecting Perspectives No3,Size,24x36,Print Type,Canvas Roll,,,INTERSECTING-PERSPECTIVES-NO3-CANVAS-ROLL-24X36,,,Printful,,,,not stocked,not stocked
intersecting-perspectives-no3,Intersecting Perspectives No3,Size,36x48,Print Type,Canvas Roll,,,INTERSECTING-PERSPECTIVES-NO3-CANVAS-ROLL-36X48,,,170 Avenue F,,,,105,105
intersecting-perspectives-no3,Intersecting Perspectives No3,Size,36x48,Print Type,Canvas Roll,,,INTERSECTING-PERSPECTIVES-NO3-CANVAS-ROLL-36X48,,,Printful,,,,not stocked,not stocked
intersecting-perspectives-no3,Intersecting Perspectives No3,Size,53x72,Print Type,Canvas Roll,,,INTERSECTING-PERSPECTIVES-NO3-CANVAS-ROLL-53X72,,,170 Avenue F,,,,45,45
intersecting-perspectives-no3,Intersecting Perspectives No3,Size,53x72,Print Type,Canvas Roll,,,INTERSECTING-PERSPECTIVES-NO3-CANVAS-ROLL-53X72,,,Printful,,,,not stocked,not stocked
intersecting-perspectives-no3,Intersecting Perspectives No3,Size,24x36,Print Type,Gallery Wrapped Canvas,,,INTERSECTING-PERSPECTIVES-NO3-GALLERY-WRAPPED-CANVAS-24X36,,,170 Avenue F,,,,150,150
intersecting-perspectives-no3,Intersecting Perspectives No3,Size,24x36,Print Type,Gallery Wrapped Canvas,,,INTERSECTING-PERSPECTIVES-NO3-GALLERY-WRAPPED-CANVAS-24X36,,,Printful,,,,not stocked,not stocked
intersecting-perspectives-no3,Intersecting Perspectives No3,Size,36x48,Print Type,Gallery Wrapped Canvas,,,INTERSECTING-PERSPECTIVES-NO3-GALLERY-WRAPPED-CANVAS-36X48,,,170 Avenue F,,,,105,105
intersecting-perspectives-no3,Intersecting Perspectives No3,Size,36x48,Print Type,Gallery Wrapped Canvas,,,INTERSECTING-PERSPECTIVES-NO3-GALLERY-WRAPPED-CANVAS-36X48,,,Printful,,,,not stocked,not stocked
intersecting-perspectives-no3,Intersecting Perspectives No3,Size,53x72,Print Type,Gallery Wrapped Canvas,,,INTERSECTING-PERSPECTIVES-NO3-GALLERY-WRAPPED-CANVAS-53X72,,,170 Avenue F,,,,45,45
intersecting-perspectives-no3,Intersecting Perspectives No3,Size,53x72,Print Type,Gallery Wrapped Canvas,,,INTERSECTING-PERSPECTIVES-NO3-GALLERY-WRAPPED-CANVAS-53X72,,,Printful,,,,not stocked,not stocked
monochrome-kimono,Monochrome Kimono,Size,24x36,Print Type,Canvas Roll,,,MONOCHROME-KIMONO-CANVAS-ROLL-24X36,,,170 Avenue F,,,,150,150
monochrome-kimono,Monochrome Kimono,Size,24x36,Print Type,Canvas Roll,,,MONOCHROME-KIMONO-CANVAS-ROLL-24X36,,,Printful,,,,not stocked,not stocked
monochrome-kimono,Monochrome Kimono,Size,36x48,Print Type,Canvas Roll,,,MONOCHROME-KIMONO-CANVAS-ROLL-36X48,,,170 Avenue F,,,,105,105
monochrome-kimono,Monochrome Kimono,Size,36x48,Print Type,Canvas Roll,,,MONOCHROME-KIMONO-CANVAS-ROLL-36X48,,,Printful,,,,not stocked,not stocked
monochrome-kimono,Monochrome Kimono,Size,53x72,Print Type,Canvas Roll,,,MONOCHROME-KIMONO-CANVAS-ROLL-53X72,,,170 Avenue F,,,,45,45
monochrome-kimono,Monochrome Kimono,Size,53x72,Print Type,Canvas Roll,,,MONOCHROME-KIMONO-CANVAS-ROLL-53X72,,,Printful,,,,not stocked,not stocked
monochrome-kimono,Monochrome Kimono,Size,24x36,Print Type,Gallery Wrapped Canvas,,,MONOCHROME-KIMONO-GALLERY-WRAPPED-CANVAS-24X36,,,170 Avenue F,,,,150,150
monochrome-kimono,Monochrome Kimono,Size,24x36,Print Type,Gallery Wrapped Canvas,,,MONOCHROME-KIMONO-GALLERY-WRAPPED-CANVAS-24X36,,,Printful,,,,not stocked,not stocked
monochrome-kimono,Monochrome Kimono,Size,36x48,Print Type,Gallery Wrapped Canvas,,,MONOCHROME-KIMONO-GALLERY-WRAPPED-CANVAS-36X48,,,170 Avenue F,,,,105,105
monochrome-kimono,Monochrome Kimono,Size,36x48,Print Type,Gallery Wrapped Canvas,,,MONOCHROME-KIMONO-GALLERY-WRAPPED-CANVAS-36X48,,,Printful,,,,not stocked,not stocked
monochrome-kimono,Monochrome Kimono,Size,53x72,Print Type,Gallery Wrapped Canvas,,,MONOCHROME-KIMONO-GALLERY-WRAPPED-CANVAS-53X72,,,170 Avenue F,,,,45,45
monochrome-kimono,Monochrome Kimono,Size,53x72,Print Type,Gallery Wrapped Canvas,,,MONOCHROME-KIMONO-GALLERY-WRAPPED-CANVAS-53X72,,,Printful,,,,not stocked,not stocked
noir-mosaic-no1,Noir Mosaic No1,Size,24x36,Print Type,Canvas Roll,,,NOIR-MOSAIC-NO1-CANVAS-ROLL-24X36,,,170 Avenue F,,,,150,150
noir-mosaic-no1,Noir Mosaic No1,Size,24x36,Print Type,Canvas Roll,,,NOIR-MOSAIC-NO1-CANVAS-ROLL-24X36,,,Printful,,,,not stocked,not stocked
noir-mosaic-no1,Noir Mosaic No1,Size,36x48,Print Type,Canvas Roll,,,NOIR-MOSAIC-NO1-CANVAS-ROLL-36X48,,,170 Avenue F,,,,105,105
noir-mosaic-no1,Noir Mosaic No1,Size,36x48,Print Type,Canvas Roll,,,NOIR-MOSAIC-NO1-CANVAS-ROLL-36X48,,,Printful,,,,not stocked,not stocked
noir-mosaic-no1,Noir Mosaic No1,Size,53x72,Print Type,Canvas Roll,,,NOIR-MOSAIC-NO1-CANVAS-ROLL-53X72,,,170 Avenue F,,,,45,45
noir-mosaic-no1,Noir Mosaic No1,Size,53x72,Print Type,Canvas Roll,,,NOIR-MOSAIC-NO1-CANVAS-ROLL-53X72,,,Printful,,,,not stocked,not stocked
noir-mosaic-no1,Noir Mosaic No1,Size,24x36,Print Type,Gallery Wrapped Canvas,,,NOIR-MOSAIC-NO1-GALLERY-WRAPPED-CANVAS-24X36,,,170 Avenue F,,,,150,150
noir-mosaic-no1,Noir Mosaic No1,Size,24x36,Print Type,Gallery Wrapped Canvas,,,NOIR-MOSAIC-NO1-GALLERY-WRAPPED-CANVAS-24X36,,,Printful,,,,not stocked,not stocked
noir-mosaic-no1,Noir Mosaic No1,Size,36x48,Print Type,Gallery Wrapped Canvas,,,NOIR-MOSAIC-NO1-GALLERY-WRAPPED-CANVAS-36X48,,,170 Avenue F,,,,105,105
noir-mosaic-no1,Noir Mosaic No1,Size,36x48,Print Type,Gallery Wrapped Canvas,,,NOIR-MOSAIC-NO1-GALLERY-WRAPPED-CANVAS-36X48,,,Printful,,,,not stocked,not stocked
noir-mosaic-no1,Noir Mosaic No1,Size,53x72,Print Type,Gallery Wrapped Canvas,,,NOIR-MOSAIC-NO1-GALLERY-WRAPPED-CANVAS-53X72,,,170 Avenue F,,,,45,45
noir-mosaic-no1,Noir Mosaic No1,Size,53x72,Print Type,Gallery Wrapped Canvas,,,NOIR-MOSAIC-NO1-GALLERY-WRAPPED-CANVAS-53X72,,,Printful,,,,not stocked,not stocked
noir-mosaic-no2,Noir Mosaic No2,Size,24x36,Print Type,Canvas Roll,,,NOIR-MOSAIC-NO2-CANVAS-ROLL-24X36,,,170 Avenue F,,,,150,150
noir-mosaic-no2,Noir Mosaic No2,Size,24x36,Print Type,Canvas Roll,,,NOIR-MOSAIC-NO2-CANVAS-ROLL-24X36,,,Printful,,,,not stocked,not stocked
noir-mosaic-no2,Noir Mosaic No2,Size,36x48,Print Type,Canvas Roll,,,NOIR-MOSAIC-NO2-CANVAS-ROLL-36X48,,,170 Avenue F,,,,105,105
noir-mosaic-no2,Noir Mosaic No2,Size,36x48,Print Type,Canvas Roll,,,NOIR-MOSAIC-NO2-CANVAS-ROLL-36X48,,,Printful,,,,not stocked,not stocked
noir-mosaic-no2,Noir Mosaic No2,Size,53x72,Print Type,Canvas Roll,,,NOIR-MOSAIC-NO2-CANVAS-ROLL-53X72,,,170 Avenue F,,,,45,45
noir-mosaic-no2,Noir Mosaic No2,Size,53x72,Print Type,Canvas Roll,,,NOIR-MOSAIC-NO2-CANVAS-ROLL-53X72,,,Printful,,,,not stocked,not stocked
noir-mosaic-no2,Noir Mosaic No2,Size,24x36,Print Type,Gallery Wrapped Canvas,,,NOIR-MOSAIC-NO2-GALLERY-WRAPPED-CANVAS-24X36,,,170 Avenue F,,,,150,150
noir-mosaic-no2,Noir Mosaic No2,Size,24x36,Print Type,Gallery Wrapped Canvas,,,NOIR-MOSAIC-NO2-GALLERY-WRAPPED-CANVAS-24X36,,,Printful,,,,not stocked,not stocked
noir-mosaic-no2,Noir Mosaic No2,Size,36x48,Print Type,Gallery Wrapped Canvas,,,NOIR-MOSAIC-NO2-GALLERY-WRAPPED-CANVAS-36X48,,,170 Avenue F,,,,105,105
noir-mosaic-no2,Noir Mosaic No2,Size,36x48,Print Type,Gallery Wrapped Canvas,,,NOIR-MOSAIC-NO2-GALLERY-WRAPPED-CANVAS-36X48,,,Printful,,,,not stocked,not stocked
noir-mosaic-no2,Noir Mosaic No2,Size,53x72,Print Type,Gallery Wrapped Canvas,,,NOIR-MOSAIC-NO2-GALLERY-WRAPPED-CANVAS-53X72,,,170 Avenue F,,,,45,45
noir-mosaic-no2,Noir Mosaic No2,Size,53x72,Print Type,Gallery Wrapped Canvas,,,NOIR-MOSAIC-NO2-GALLERY-WRAPPED-CANVAS-53X72,,,Printful,,,,not stocked,not stocked
noir-mosaic-no3,Noir Mosaic No3,Size,24x36,Print Type,Canvas Roll,,,NOIR-MOSAIC-NO3-CANVAS-ROLL-24X36,,,170 Avenue F,,,,150,150
noir-mosaic-no3,Noir Mosaic No3,Size,24x36,Print Type,Canvas Roll,,,NOIR-MOSAIC-NO3-CANVAS-ROLL-24X36,,,Printful,,,,not stocked,not stocked
noir-mosaic-no3,Noir Mosaic No3,Size,36x48,Print Type,Canvas Roll,,,NOIR-MOSAIC-NO3-CANVAS-ROLL-36X48,,,170 Avenue F,,,,105,105
noir-mosaic-no3,Noir Mosaic No3,Size,36x48,Print Type,Canvas Roll,,,NOIR-MOSAIC-NO3-CANVAS-ROLL-36X48,,,Printful,,,,not stocked,not stocked
noir-mosaic-no3,Noir Mosaic No3,Size,53x72,Print Type,Canvas Roll,,,NOIR-MOSAIC-NO3-CANVAS-ROLL-53X72,,,170 Avenue F,,,,45,45
noir-mosaic-no3,Noir Mosaic No3,Size,53x72,Print Type,Canvas Roll,,,NOIR-MOSAIC-NO3-CANVAS-ROLL-53X72,,,Printful,,,,not stocked,not stocked
noir-mosaic-no3,Noir Mosaic No3,Size,24x36,Print Type,Gallery Wrapped Canvas,,,NOIR-MOSAIC-NO3-GALLERY-WRAPPED-CANVAS-24X36,,,170 Avenue F,,,,150,150
noir-mosaic-no3,Noir Mosaic No3,Size,24x36,Print Type,Gallery Wrapped Canvas,,,NOIR-MOSAIC-NO3-GALLERY-WRAPPED-CANVAS-24X36,,,Printful,,,,not stocked,not stocked
noir-mosaic-no3,Noir Mosaic No3,Size,36x48,Print Type,Gallery Wrapped Canvas,,,NOIR-MOSAIC-NO3-GALLERY-WRAPPED-CANVAS-36X48,,,170 Avenue F,,,,105,105
noir-mosaic-no3,Noir Mosaic No3,Size,36x48,Print Type,Gallery Wrapped Canvas,,,NOIR-MOSAIC-NO3-GALLERY-WRAPPED-CANVAS-36X48,,,Printful,,,,not stocked,not stocked
noir-mosaic-no3,Noir Mosaic No3,Size,53x72,Print Type,Gallery Wrapped Canvas,,,NOIR-MOSAIC-NO3-GALLERY-WRAPPED-CANVAS-53X72,,,170 Avenue F,,,,45,45
noir-mosaic-no3,Noir Mosaic No3,Size,53x72,Print Type,Gallery Wrapped Canvas,,,NOIR-MOSAIC-NO3-GALLERY-WRAPPED-CANVAS-53X72,,,Printful,,,,not stocked,not stocked
noir-shade,Noir Shade,Size,24x36,Print Type,Canvas Roll,,,NOIR-SHADE-CANVAS-ROLL-24X36,,,170 Avenue F,,,,150,150
noir-shade,Noir Shade,Size,24x36,Print Type,Canvas Roll,,,NOIR-SHADE-CANVAS-ROLL-24X36,,,Printful,,,,not stocked,not stocked
noir-shade,Noir Shade,Size,36x48,Print Type,Canvas Roll,,,NOIR-SHADE-CANVAS-ROLL-36X48,,,170 Avenue F,,,,105,105
noir-shade,Noir Shade,Size,36x48,Print Type,Canvas Roll,,,NOIR-SHADE-CANVAS-ROLL-36X48,,,Printful,,,,not stocked,not stocked
noir-shade,Noir Shade,Size,53x72,Print Type,Canvas Roll,,,NOIR-SHADE-CANVAS-ROLL-53X72,,,170 Avenue F,,,,45,45
noir-shade,Noir Shade,Size,53x72,Print Type,Canvas Roll,,,NOIR-SHADE-CANVAS-ROLL-53X72,,,Printful,,,,not stocked,not stocked
noir-shade,Noir Shade,Size,24x36,Print Type,Gallery Wrapped Canvas,,,NOIR-SHADE-GALLERY-WRAPPED-CANVAS-24X36,,,170 Avenue F,,,,150,150
noir-shade,Noir Shade,Size,24x36,Print Type,Gallery Wrapped Canvas,,,NOIR-SHADE-GALLERY-WRAPPED-CANVAS-24X36,,,Printful,,,,not stocked,not stocked
noir-shade,Noir Shade,Size,36x48,Print Type,Gallery Wrapped Canvas,,,NOIR-SHADE-GALLERY-WRAPPED-CANVAS-36X48,,,170 Avenue F,,,,105,105
noir-shade,Noir Shade,Size,36x48,Print Type,Gallery Wrapped Canvas,,,NOIR-SHADE-GALLERY-WRAPPED-CANVAS-36X48,,,Printful,,,,not stocked,not stocked
noir-shade,Noir Shade,Size,53x72,Print Type,Gallery Wrapped Canvas,,,NOIR-SHADE-GALLERY-WRAPPED-CANVAS-53X72,,,170 Avenue F,,,,45,45
noir-shade,Noir Shade,Size,53x72,Print Type,Gallery Wrapped Canvas,,,NOIR-SHADE-GALLERY-WRAPPED-CANVAS-53X72,,,Printful,,,,not stocked,not stocked
noir-structures,Noir Structures,Size,24x36,Print Type,Canvas Roll,,,NOIR-STRUCTURES-CANVAS-ROLL-24X36,,,170 Avenue F,,,,150,150
noir-structures,Noir Structures,Size,24x36,Print Type,Canvas Roll,,,NOIR-STRUCTURES-CANVAS-ROLL-24X36,,,Printful,,,,not stocked,not stocked
noir-structures,Noir Structures,Size,36x48,Print Type,Canvas Roll,,,NOIR-STRUCTURES-CANVAS-ROLL-36X48,,,170 Avenue F,,,,105,105
noir-structures,Noir Structures,Size,36x48,Print Type,Canvas Roll,,,NOIR-STRUCTURES-CANVAS-ROLL-36X48,,,Printful,,,,not stocked,not stocked
noir-structures,Noir Structures,Size,53x72,Print Type,Canvas Roll,,,NOIR-STRUCTURES-CANVAS-ROLL-53X72,,,170 Avenue F,,,,45,45
noir-structures,Noir Structures,Size,53x72,Print Type,Canvas Roll,,,NOIR-STRUCTURES-CANVAS-ROLL-53X72,,,Printful,,,,not stocked,not stocked
noir-structures,Noir Structures,Size,24x36,Print Type,Gallery Wrapped Canvas,,,NOIR-STRUCTURES-GALLERY-WRAPPED-CANVAS-24X36,,,170 Avenue F,,,,150,150
noir-structures,Noir Structures,Size,24x36,Print Type,Gallery Wrapped Canvas,,,NOIR-STRUCTURES-GALLERY-WRAPPED-CANVAS-24X36,,,Printful,,,,not stocked,not stocked
noir-structures,Noir Structures,Size,36x48,Print Type,Gallery Wrapped Canvas,,,NOIR-STRUCTURES-GALLERY-WRAPPED-CANVAS-36X48,,,170 Avenue F,,,,105,105
noir-structures,Noir Structures,Size,36x48,Print Type,Gallery Wrapped Canvas,,,NOIR-STRUCTURES-GALLERY-WRAPPED-CANVAS-36X48,,,Printful,,,,not stocked,not stocked
noir-structures,Noir Structures,Size,53x72,Print Type,Gallery Wrapped Canvas,,,NOIR-STRUCTURES-GALLERY-WRAPPED-CANVAS-53X72,,,170 Avenue F,,,,45,45
noir-structures,Noir Structures,Size,53x72,Print Type,Gallery Wrapped Canvas,,,NOIR-STRUCTURES-GALLERY-WRAPPED-CANVAS-53X72,,,Printful,,,,not stocked,not stocked
noir-weave,Noir Weave,Size,24x36,Print Type,Canvas Roll,,,NOIR-WEAVE-CANVAS-ROLL-24X36,,,170 Avenue F,,,,150,150
noir-weave,Noir Weave,Size,24x36,Print Type,Canvas Roll,,,NOIR-WEAVE-CANVAS-ROLL-24X36,,,Printful,,,,not stocked,not stocked
noir-weave,Noir Weave,Size,36x48,Print Type,Canvas Roll,,,NOIR-WEAVE-CANVAS-ROLL-36X48,,,170 Avenue F,,,,105,105
noir-weave,Noir Weave,Size,36x48,Print Type,Canvas Roll,,,NOIR-WEAVE-CANVAS-ROLL-36X48,,,Printful,,,,not stocked,not stocked
noir-weave,Noir Weave,Size,53x72,Print Type,Canvas Roll,,,NOIR-WEAVE-CANVAS-ROLL-53X72,,,170 Avenue F,,,,45,45
noir-weave,Noir Weave,Size,53x72,Print Type,Canvas Roll,,,NOIR-WEAVE-CANVAS-ROLL-53X72,,,Printful,,,,not stocked,not stocked
noir-weave,Noir Weave,Size,24x36,Print Type,Gallery Wrapped Canvas,,,NOIR-WEAVE-GALLERY-WRAPPED-CANVAS-24X36,,,170 Avenue F,,,,150,150
noir-weave,Noir Weave,Size,24x36,Print Type,Gallery Wrapped Canvas,,,NOIR-WEAVE-GALLERY-WRAPPED-CANVAS-24X36,,,Printful,,,,not stocked,not stocked
noir-weave,Noir Weave,Size,36x48,Print Type,Gallery Wrapped Canvas,,,NOIR-WEAVE-GALLERY-WRAPPED-CANVAS-36X48,,,170 Avenue F,,,,105,105
noir-weave,Noir Weave,Size,36x48,Print Type,Gallery Wrapped Canvas,,,NOIR-WEAVE-GALLERY-WRAPPED-CANVAS-36X48,,,Printful,,,,not stocked,not stocked
noir-weave,Noir Weave,Size,53x72,Print Type,Gallery Wrapped Canvas,,,NOIR-WEAVE-GALLERY-WRAPPED-CANVAS-53X72,,,170 Avenue F,,,,45,45
noir-weave,Noir Weave,Size,53x72,Print Type,Gallery Wrapped Canvas,,,NOIR-WEAVE-GALLERY-WRAPPED-CANVAS-53X72,,,Printful,,,,not stocked,not stocked
olive-weave,Olive Weave,Size,24x36,Print Type,Canvas Roll,,,OLIVE-WEAVE-CANVAS-ROLL-24X36,,,170 Avenue F,,,,150,150
olive-weave,Olive Weave,Size,24x36,Print Type,Canvas Roll,,,OLIVE-WEAVE-CANVAS-ROLL-24X36,,,Printful,,,,not stocked,not stocked
olive-weave,Olive Weave,Size,36x48,Print Type,Canvas Roll,,,OLIVE-WEAVE-CANVAS-ROLL-36X48,,,170 Avenue F,,,,105,105
olive-weave,Olive Weave,Size,36x48,Print Type,Canvas Roll,,,OLIVE-WEAVE-CANVAS-ROLL-36X48,,,Printful,,,,not stocked,not stocked
olive-weave,Olive Weave,Size,53x72,Print Type,Canvas Roll,,,OLIVE-WEAVE-CANVAS-ROLL-53X72,,,170 Avenue F,,,,45,45
olive-weave,Olive Weave,Size,53x72,Print Type,Canvas Roll,,,OLIVE-WEAVE-CANVAS-ROLL-53X72,,,Printful,,,,not stocked,not stocked
olive-weave,Olive Weave,Size,24x36,Print Type,Gallery Wrapped Canvas,,,OLIVE-WEAVE-GALLERY-WRAPPED-CANVAS-24X36,,,170 Avenue F,,,,150,150
olive-weave,Olive Weave,Size,24x36,Print Type,Gallery Wrapped Canvas,,,OLIVE-WEAVE-GALLERY-WRAPPED-CANVAS-24X36,,,Printful,,,,not stocked,not stocked
olive-weave,Olive Weave,Size,36x48,Print Type,Gallery Wrapped Canvas,,,OLIVE-WEAVE-GALLERY-WRAPPED-CANVAS-36X48,,,170 Avenue F,,,,105,105
olive-weave,Olive Weave,Size,36x48,Print Type,Gallery Wrapped Canvas,,,OLIVE-WEAVE-GALLERY-WRAPPED-CANVAS-36X48,,,Printful,,,,not stocked,not stocked
olive-weave,Olive Weave,Size,53x72,Print Type,Gallery Wrapped Canvas,,,OLIVE-WEAVE-GALLERY-WRAPPED-CANVAS-53X72,,,170 Avenue F,,,,45,45
olive-weave,Olive Weave,Size,53x72,Print Type,Gallery Wrapped Canvas,,,OLIVE-WEAVE-GALLERY-WRAPPED-CANVAS-53X72,,,Printful,,,,not stocked,not stocked
parallelogram-illusion-no1,Parallelogram Illusion No1,Size,24x36,Print Type,Canvas Roll,,,PARALLELOGRAM-ILLUSION-NO1-CANVAS-ROLL-24X36,,,170 Avenue F,,,,150,150
parallelogram-illusion-no1,Parallelogram Illusion No1,Size,24x36,Print Type,Canvas Roll,,,PARALLELOGRAM-ILLUSION-NO1-CANVAS-ROLL-24X36,,,Printful,,,,not stocked,not stocked
parallelogram-illusion-no1,Parallelogram Illusion No1,Size,36x48,Print Type,Canvas Roll,,,PARALLELOGRAM-ILLUSION-NO1-CANVAS-ROLL-36X48,,,170 Avenue F,,,,105,105
parallelogram-illusion-no1,Parallelogram Illusion No1,Size,36x48,Print Type,Canvas Roll,,,PARALLELOGRAM-ILLUSION-NO1-CANVAS-ROLL-36X48,,,Printful,,,,not stocked,not stocked
parallelogram-illusion-no1,Parallelogram Illusion No1,Size,53x72,Print Type,Canvas Roll,,,PARALLELOGRAM-ILLUSION-NO1-CANVAS-ROLL-53X72,,,170 Avenue F,,,,45,45
parallelogram-illusion-no1,Parallelogram Illusion No1,Size,53x72,Print Type,Canvas Roll,,,PARALLELOGRAM-ILLUSION-NO1-CANVAS-ROLL-53X72,,,Printful,,,,not stocked,not stocked
parallelogram-illusion-no1,Parallelogram Illusion No1,Size,24x36,Print Type,Gallery Wrapped Canvas,,,PARALLELOGRAM-ILLUSION-NO1-GALLERY-WRAPPED-CANVAS-24X36,,,170 Avenue F,,,,150,150
parallelogram-illusion-no1,Parallelogram Illusion No1,Size,24x36,Print Type,Gallery Wrapped Canvas,,,PARALLELOGRAM-ILLUSION-NO1-GALLERY-WRAPPED-CANVAS-24X36,,,Printful,,,,not stocked,not stocked
parallelogram-illusion-no1,Parallelogram Illusion No1,Size,36x48,Print Type,Gallery Wrapped Canvas,,,PARALLELOGRAM-ILLUSION-NO1-GALLERY-WRAPPED-CANVAS-36X48,,,170 Avenue F,,,,105,105
parallelogram-illusion-no1,Parallelogram Illusion No1,Size,36x48,Print Type,Gallery Wrapped Canvas,,,PARALLELOGRAM-ILLUSION-NO1-GALLERY-WRAPPED-CANVAS-36X48,,,Printful,,,,not stocked,not stocked
parallelogram-illusion-no1,Parallelogram Illusion No1,Size,53x72,Print Type,Gallery Wrapped Canvas,,,PARALLELOGRAM-ILLUSION-NO1-GALLERY-WRAPPED-CANVAS-53X72,,,170 Avenue F,,,,45,45
parallelogram-illusion-no1,Parallelogram Illusion No1,Size,53x72,Print Type,Gallery Wrapped Canvas,,,PARALLELOGRAM-ILLUSION-NO1-GALLERY-WRAPPED-CANVAS-53X72,,,Printful,,,,not stocked,not stocked
parallelogram-illusion-no2,Parallelogram Illusion No2,Size,24x36,Print Type,Canvas Roll,,,PARALLELOGRAM-ILLUSION-NO2-CANVAS-ROLL-24X36,,,170 Avenue F,,,,150,150
parallelogram-illusion-no2,Parallelogram Illusion No2,Size,24x36,Print Type,Canvas Roll,,,PARALLELOGRAM-ILLUSION-NO2-CANVAS-ROLL-24X36,,,Printful,,,,not stocked,not stocked
parallelogram-illusion-no2,Parallelogram Illusion No2,Size,36x48,Print Type,Canvas Roll,,,PARALLELOGRAM-ILLUSION-NO2-CANVAS-ROLL-36X48,,,170 Avenue F,,,,105,105
parallelogram-illusion-no2,Parallelogram Illusion No2,Size,36x48,Print Type,Canvas Roll,,,PARALLELOGRAM-ILLUSION-NO2-CANVAS-ROLL-36X48,,,Printful,,,,not stocked,not stocked
parallelogram-illusion-no2,Parallelogram Illusion No2,Size,53x72,Print Type,Canvas Roll,,,PARALLELOGRAM-ILLUSION-NO2-CANVAS-ROLL-53X72,,,170 Avenue F,,,,45,45
parallelogram-illusion-no2,Parallelogram Illusion No2,Size,53x72,Print Type,Canvas Roll,,,PARALLELOGRAM-ILLUSION-NO2-CANVAS-ROLL-53X72,,,Printful,,,,not stocked,not stocked
parallelogram-illusion-no2,Parallelogram Illusion No2,Size,24x36,Print Type,Gallery Wrapped Canvas,,,PARALLELOGRAM-ILLUSION-NO2-GALLERY-WRAPPED-CANVAS-24X36,,,170 Avenue F,,,,150,150
parallelogram-illusion-no2,Parallelogram Illusion No2,Size,24x36,Print Type,Gallery Wrapped Canvas,,,PARALLELOGRAM-ILLUSION-NO2-GALLERY-WRAPPED-CANVAS-24X36,,,Printful,,,,not stocked,not stocked
parallelogram-illusion-no2,Parallelogram Illusion No2,Size,36x48,Print Type,Gallery Wrapped Canvas,,,PARALLELOGRAM-ILLUSION-NO2-GALLERY-WRAPPED-CANVAS-36X48,,,170 Avenue F,,,,105,105
parallelogram-illusion-no2,Parallelogram Illusion No2,Size,36x48,Print Type,Gallery Wrapped Canvas,,,PARALLELOGRAM-ILLUSION-NO2-GALLERY-WRAPPED-CANVAS-36X48,,,Printful,,,,not stocked,not stocked
parallelogram-illusion-no2,Parallelogram Illusion No2,Size,53x72,Print Type,Gallery Wrapped Canvas,,,PARALLELOGRAM-ILLUSION-NO2-GALLERY-WRAPPED-CANVAS-53X72,,,170 Avenue F,,,,45,45
parallelogram-illusion-no2,Parallelogram Illusion No2,Size,53x72,Print Type,Gallery Wrapped Canvas,,,PARALLELOGRAM-ILLUSION-NO2-GALLERY-WRAPPED-CANVAS-53X72,,,Printful,,,,not stocked,not stocked
pink-weave,Pink Weave,Size,24x36,Print Type,Canvas Roll,,,PINK-WEAVE-CANVAS-ROLL-24X36,,,170 Avenue F,,,,150,150
pink-weave,Pink Weave,Size,24x36,Print Type,Canvas Roll,,,PINK-WEAVE-CANVAS-ROLL-24X36,,,Printful,,,,not stocked,not stocked
pink-weave,Pink Weave,Size,36x48,Print Type,Canvas Roll,,,PINK-WEAVE-CANVAS-ROLL-36X48,,,170 Avenue F,,,,105,105
pink-weave,Pink Weave,Size,36x48,Print Type,Canvas Roll,,,PINK-WEAVE-CANVAS-ROLL-36X48,,,Printful,,,,not stocked,not stocked
pink-weave,Pink Weave,Size,53x72,Print Type,Canvas Roll,,,PINK-WEAVE-CANVAS-ROLL-53X72,,,170 Avenue F,,,,45,45
pink-weave,Pink Weave,Size,53x72,Print Type,Canvas Roll,,,PINK-WEAVE-CANVAS-ROLL-53X72,,,Printful,,,,not stocked,not stocked
pink-weave,Pink Weave,Size,24x36,Print Type,Gallery Wrapped Canvas,,,PINK-WEAVE-GALLERY-WRAPPED-CANVAS-24X36,,,170 Avenue F,,,,150,150
pink-weave,Pink Weave,Size,24x36,Print Type,Gallery Wrapped Canvas,,,PINK-WEAVE-GALLERY-WRAPPED-CANVAS-24X36,,,Printful,,,,not stocked,not stocked
pink-weave,Pink Weave,Size,36x48,Print Type,Gallery Wrapped Canvas,,,PINK-WEAVE-GALLERY-WRAPPED-CANVAS-36X48,,,170 Avenue F,,,,105,105
pink-weave,Pink Weave,Size,36x48,Print Type,Gallery Wrapped Canvas,,,PINK-WEAVE-GALLERY-WRAPPED-CANVAS-36X48,,,Printful,,,,not stocked,not stocked
pink-weave,Pink Weave,Size,53x72,Print Type,Gallery Wrapped Canvas,,,PINK-WEAVE-GALLERY-WRAPPED-CANVAS-53X72,,,170 Avenue F,,,,45,45
pink-weave,Pink Weave,Size,53x72,Print Type,Gallery Wrapped Canvas,,,PINK-WEAVE-GALLERY-WRAPPED-CANVAS-53X72,,,Printful,,,,not stocked,not stocked
primary-hue,Primary Hue,Size,24x36,Print Type,Canvas Roll,,,PRIMARY-HUE-CANVAS-ROLL-24X36,,,170 Avenue F,,,,150,150
primary-hue,Primary Hue,Size,24x36,Print Type,Canvas Roll,,,PRIMARY-HUE-CANVAS-ROLL-24X36,,,Printful,,,,not stocked,not stocked
primary-hue,Primary Hue,Size,36x48,Print Type,Canvas Roll,,,PRIMARY-HUE-CANVAS-ROLL-36X48,,,170 Avenue F,,,,105,105
primary-hue,Primary Hue,Size,36x48,Print Type,Canvas Roll,,,PRIMARY-HUE-CANVAS-ROLL-36X48,,,Printful,,,,not stocked,not stocked
primary-hue,Primary Hue,Size,53x72,Print Type,Canvas Roll,,,PRIMARY-HUE-CANVAS-ROLL-53X72,,,170 Avenue F,,,,45,45
primary-hue,Primary Hue,Size,53x72,Print Type,Canvas Roll,,,PRIMARY-HUE-CANVAS-ROLL-53X72,,,Printful,,,,not stocked,not stocked
primary-hue,Primary Hue,Size,24x36,Print Type,Gallery Wrapped Canvas,,,PRIMARY-HUE-GALLERY-WRAPPED-CANVAS-24X36,,,170 Avenue F,,,,150,150
primary-hue,Primary Hue,Size,24x36,Print Type,Gallery Wrapped Canvas,,,PRIMARY-HUE-GALLERY-WRAPPED-CANVAS-24X36,,,Printful,,,,not stocked,not stocked
primary-hue,Primary Hue,Size,36x48,Print Type,Gallery Wrapped Canvas,,,PRIMARY-HUE-GALLERY-WRAPPED-CANVAS-36X48,,,170 Avenue F,,,,105,105
primary-hue,Primary Hue,Size,36x48,Print Type,Gallery Wrapped Canvas,,,PRIMARY-HUE-GALLERY-WRAPPED-CANVAS-36X48,,,Printful,,,,not stocked,not stocked
primary-hue,Primary Hue,Size,53x72,Print Type,Gallery Wrapped Canvas,,,PRIMARY-HUE-GALLERY-WRAPPED-CANVAS-53X72,,,170 Avenue F,,,,45,45
primary-hue,Primary Hue,Size,53x72,Print Type,Gallery Wrapped Canvas,,,PRIMARY-HUE-GALLERY-WRAPPED-CANVAS-53X72,,,Printful,,,,not stocked,not stocked
prismatic-warmth,Prismatic Warmth,Size,24x36,Print Type,Canvas Roll,,,PRISMATIC-WARMTH-CANVAS-ROLL-24X36,,,170 Avenue F,,,,150,150
prismatic-warmth,Prismatic Warmth,Size,24x36,Print Type,Canvas Roll,,,PRISMATIC-WARMTH-CANVAS-ROLL-24X36,,,Printful,,,,not stocked,not stocked
prismatic-warmth,Prismatic Warmth,Size,36x48,Print Type,Canvas Roll,,,PRISMATIC-WARMTH-CANVAS-ROLL-36X48,,,170 Avenue F,,,,105,105
prismatic-warmth,Prismatic Warmth,Size,36x48,Print Type,Canvas Roll,,,PRISMATIC-WARMTH-CANVAS-ROLL-36X48,,,Printful,,,,not stocked,not stocked
prismatic-warmth,Prismatic Warmth,Size,53x72,Print Type,Canvas Roll,,,PRISMATIC-WARMTH-CANVAS-ROLL-53X72,,,170 Avenue F,,,,45,45
prismatic-warmth,Prismatic Warmth,Size,53x72,Print Type,Canvas Roll,,,PRISMATIC-WARMTH-CANVAS-ROLL-53X72,,,Printful,,,,not stocked,not stocked
prismatic-warmth,Prismatic Warmth,Size,24x36,Print Type,Gallery Wrapped Canvas,,,PRISMATIC-WARMTH-GALLERY-WRAPPED-CANVAS-24X36,,,170 Avenue F,,,,150,150
prismatic-warmth,Prismatic Warmth,Size,24x36,Print Type,Gallery Wrapped Canvas,,,PRISMATIC-WARMTH-GALLERY-WRAPPED-CANVAS-24X36,,,Printful,,,,not stocked,not stocked
prismatic-warmth,Prismatic Warmth,Size,36x48,Print Type,Gallery Wrapped Canvas,,,PRISMATIC-WARMTH-GALLERY-WRAPPED-CANVAS-36X48,,,170 Avenue F,,,,105,105
prismatic-warmth,Prismatic Warmth,Size,36x48,Print Type,Gallery Wrapped Canvas,,,PRISMATIC-WARMTH-GALLERY-WRAPPED-CANVAS-36X48,,,Printful,,,,not stocked,not stocked
prismatic-warmth,Prismatic Warmth,Size,53x72,Print Type,Gallery Wrapped Canvas,,,PRISMATIC-WARMTH-GALLERY-WRAPPED-CANVAS-53X72,,,170 Avenue F,,,,45,45
prismatic-warmth,Prismatic Warmth,Size,53x72,Print Type,Gallery Wrapped Canvas,,,PRISMATIC-WARMTH-GALLERY-WRAPPED-CANVAS-53X72,,,Printful,,,,not stocked,not stocked
purple-shade,Purple Shade,Size,24x36,Print Type,Canvas Roll,,,PURPLE-SHADE-CANVAS-ROLL-24X36,,,170 Avenue F,,,,150,150
purple-shade,Purple Shade,Size,24x36,Print Type,Canvas Roll,,,PURPLE-SHADE-CANVAS-ROLL-24X36,,,Printful,,,,not stocked,not stocked
purple-shade,Purple Shade,Size,36x48,Print Type,Canvas Roll,,,PURPLE-SHADE-CANVAS-ROLL-36X48,,,170 Avenue F,,,,105,105
purple-shade,Purple Shade,Size,36x48,Print Type,Canvas Roll,,,PURPLE-SHADE-CANVAS-ROLL-36X48,,,Printful,,,,not stocked,not stocked
purple-shade,Purple Shade,Size,53x72,Print Type,Canvas Roll,,,PURPLE-SHADE-CANVAS-ROLL-53X72,,,170 Avenue F,,,,45,45
purple-shade,Purple Shade,Size,53x72,Print Type,Canvas Roll,,,PURPLE-SHADE-CANVAS-ROLL-53X72,,,Printful,,,,not stocked,not stocked
purple-shade,Purple Shade,Size,24x36,Print Type,Gallery Wrapped Canvas,,,PURPLE-SHADE-GALLERY-WRAPPED-CANVAS-24X36,,,170 Avenue F,,,,150,150
purple-shade,Purple Shade,Size,24x36,Print Type,Gallery Wrapped Canvas,,,PURPLE-SHADE-GALLERY-WRAPPED-CANVAS-24X36,,,Printful,,,,not stocked,not stocked
purple-shade,Purple Shade,Size,36x48,Print Type,Gallery Wrapped Canvas,,,PURPLE-SHADE-GALLERY-WRAPPED-CANVAS-36X48,,,170 Avenue F,,,,105,105
purple-shade,Purple Shade,Size,36x48,Print Type,Gallery Wrapped Canvas,,,PURPLE-SHADE-GALLERY-WRAPPED-CANVAS-36X48,,,Printful,,,,not stocked,not stocked
purple-shade,Purple Shade,Size,53x72,Print Type,Gallery Wrapped Canvas,,,PURPLE-SHADE-GALLERY-WRAPPED-CANVAS-53X72,,,170 Avenue F,,,,45,45
purple-shade,Purple Shade,Size,53x72,Print Type,Gallery Wrapped Canvas,,,PURPLE-SHADE-GALLERY-WRAPPED-CANVAS-53X72,,,Printful,,,,not stocked,not stocked
red-kimono,Red Kimono,Size,24x36,Print Type,Canvas Roll,,,RED-KIMONO-CANVAS-ROLL-24X36,,,170 Avenue F,,,,150,150
red-kimono,Red Kimono,Size,24x36,Print Type,Canvas Roll,,,RED-KIMONO-CANVAS-ROLL-24X36,,,Printful,,,,not stocked,not stocked
red-kimono,Red Kimono,Size,36x48,Print Type,Canvas Roll,,,RED-KIMONO-CANVAS-ROLL-36X48,,,170 Avenue F,,,,105,105
red-kimono,Red Kimono,Size,36x48,Print Type,Canvas Roll,,,RED-KIMONO-CANVAS-ROLL-36X48,,,Printful,,,,not stocked,not stocked
red-kimono,Red Kimono,Size,53x72,Print Type,Canvas Roll,,,RED-KIMONO-CANVAS-ROLL-53X72,,,170 Avenue F,,,,45,45
red-kimono,Red Kimono,Size,53x72,Print Type,Canvas Roll,,,RED-KIMONO-CANVAS-ROLL-53X72,,,Printful,,,,not stocked,not stocked
red-kimono,Red Kimono,Size,24x36,Print Type,Gallery Wrapped Canvas,,,RED-KIMONO-GALLERY-WRAPPED-CANVAS-24X36,,,170 Avenue F,,,,150,150
red-kimono,Red Kimono,Size,24x36,Print Type,Gallery Wrapped Canvas,,,RED-KIMONO-GALLERY-WRAPPED-CANVAS-24X36,,,Printful,,,,not stocked,not stocked
red-kimono,Red Kimono,Size,36x48,Print Type,Gallery Wrapped Canvas,,,RED-KIMONO-GALLERY-WRAPPED-CANVAS-36X48,,,170 Avenue F,,,,105,105
red-kimono,Red Kimono,Size,36x48,Print Type,Gallery Wrapped Canvas,,,RED-KIMONO-GALLERY-WRAPPED-CANVAS-36X48,,,Printful,,,,not stocked,not stocked
red-kimono,Red Kimono,Size,53x72,Print Type,Gallery Wrapped Canvas,,,RED-KIMONO-GALLERY-WRAPPED-CANVAS-53X72,,,170 Avenue F,,,,45,45
red-kimono,Red Kimono,Size,53x72,Print Type,Gallery Wrapped Canvas,,,RED-KIMONO-GALLERY-WRAPPED-CANVAS-53X72,,,Printful,,,,not stocked,not stocked
royal-kimono,Royal Kimono,Size,24x36,Print Type,Canvas Roll,,,ROYAL-KIMONO-CANVAS-ROLL-24X36,,,170 Avenue F,,,,150,150
royal-kimono,Royal Kimono,Size,24x36,Print Type,Canvas Roll,,,ROYAL-KIMONO-CANVAS-ROLL-24X36,,,Printful,,,,not stocked,not stocked
royal-kimono,Royal Kimono,Size,36x48,Print Type,Canvas Roll,,,ROYAL-KIMONO-CANVAS-ROLL-36X48,,,170 Avenue F,,,,105,105
royal-kimono,Royal Kimono,Size,36x48,Print Type,Canvas Roll,,,ROYAL-KIMONO-CANVAS-ROLL-36X48,,,Printful,,,,not stocked,not stocked
royal-kimono,Royal Kimono,Size,53x72,Print Type,Canvas Roll,,,ROYAL-KIMONO-CANVAS-ROLL-53X72,,,170 Avenue F,,,,45,45
royal-kimono,Royal Kimono,Size,53x72,Print Type,Canvas Roll,,,ROYAL-KIMONO-CANVAS-ROLL-53X72,,,Printful,,,,not stocked,not stocked
royal-kimono,Royal Kimono,Size,24x36,Print Type,Gallery Wrapped Canvas,,,ROYAL-KIMONO-GALLERY-WRAPPED-CANVAS-24X36,,,170 Avenue F,,,,150,150
royal-kimono,Royal Kimono,Size,24x36,Print Type,Gallery Wrapped Canvas,,,ROYAL-KIMONO-GALLERY-WRAPPED-CANVAS-24X36,,,Printful,,,,not stocked,not stocked
royal-kimono,Royal Kimono,Size,36x48,Print Type,Gallery Wrapped Canvas,,,ROYAL-KIMONO-GALLERY-WRAPPED-CANVAS-36X48,,,170 Avenue F,,,,105,105
royal-kimono,Royal Kimono,Size,36x48,Print Type,Gallery Wrapped Canvas,,,ROYAL-KIMONO-GALLERY-WRAPPED-CANVAS-36X48,,,Printful,,,,not stocked,not stocked
royal-kimono,Royal Kimono,Size,53x72,Print Type,Gallery Wrapped Canvas,,,ROYAL-KIMONO-GALLERY-WRAPPED-CANVAS-53X72,,,170 Avenue F,,,,45,45
royal-kimono,Royal Kimono,Size,53x72,Print Type,Gallery Wrapped Canvas,,,ROYAL-KIMONO-GALLERY-WRAPPED-CANVAS-53X72,,,Printful,,,,not stocked,not stocked
royal-shade,Royal Shade,Size,24x36,Print Type,Canvas Roll,,,ROYAL-SHADE-CANVAS-ROLL-24X36,,,170 Avenue F,,,,150,150
royal-shade,Royal Shade,Size,24x36,Print Type,Canvas Roll,,,ROYAL-SHADE-CANVAS-ROLL-24X36,,,Printful,,,,not stocked,not stocked
royal-shade,Royal Shade,Size,36x48,Print Type,Canvas Roll,,,ROYAL-SHADE-CANVAS-ROLL-36X48,,,170 Avenue F,,,,105,105
royal-shade,Royal Shade,Size,36x48,Print Type,Canvas Roll,,,ROYAL-SHADE-CANVAS-ROLL-36X48,,,Printful,,,,not stocked,not stocked
royal-shade,Royal Shade,Size,53x72,Print Type,Canvas Roll,,,ROYAL-SHADE-CANVAS-ROLL-53X72,,,170 Avenue F,,,,45,45
royal-shade,Royal Shade,Size,53x72,Print Type,Canvas Roll,,,ROYAL-SHADE-CANVAS-ROLL-53X72,,,Printful,,,,not stocked,not stocked
royal-shade,Royal Shade,Size,24x36,Print Type,Gallery Wrapped Canvas,,,ROYAL-SHADE-GALLERY-WRAPPED-CANVAS-24X36,,,170 Avenue F,,,,150,150
royal-shade,Royal Shade,Size,24x36,Print Type,Gallery Wrapped Canvas,,,ROYAL-SHADE-GALLERY-WRAPPED-CANVAS-24X36,,,Printful,,,,not stocked,not stocked
royal-shade,Royal Shade,Size,36x48,Print Type,Gallery Wrapped Canvas,,,ROYAL-SHADE-GALLERY-WRAPPED-CANVAS-36X48,,,170 Avenue F,,,,105,105
royal-shade,Royal Shade,Size,36x48,Print Type,Gallery Wrapped Canvas,,,ROYAL-SHADE-GALLERY-WRAPPED-CANVAS-36X48,,,Printful,,,,not stocked,not stocked
royal-shade,Royal Shade,Size,53x72,Print Type,Gallery Wrapped Canvas,,,ROYAL-SHADE-GALLERY-WRAPPED-CANVAS-53X72,,,170 Avenue F,,,,45,45
royal-shade,Royal Shade,Size,53x72,Print Type,Gallery Wrapped Canvas,,,ROYAL-SHADE-GALLERY-WRAPPED-CANVAS-53X72,,,Printful,,,,not stocked,not stocked
rusty-shade,Rusty Shade,Size,24x36,Print Type,Canvas Roll,,,RUSTY-SHADE-CANVAS-ROLL-24X36,,,170 Avenue F,,,,150,150
rusty-shade,Rusty Shade,Size,24x36,Print Type,Canvas Roll,,,RUSTY-SHADE-CANVAS-ROLL-24X36,,,Printful,,,,not stocked,not stocked
rusty-shade,Rusty Shade,Size,36x48,Print Type,Canvas Roll,,,RUSTY-SHADE-CANVAS-ROLL-36X48,,,170 Avenue F,,,,105,105
rusty-shade,Rusty Shade,Size,36x48,Print Type,Canvas Roll,,,RUSTY-SHADE-CANVAS-ROLL-36X48,,,Printful,,,,not stocked,not stocked
rusty-shade,Rusty Shade,Size,53x72,Print Type,Canvas Roll,,,RUSTY-SHADE-CANVAS-ROLL-53X72,,,170 Avenue F,,,,45,45
rusty-shade,Rusty Shade,Size,53x72,Print Type,Canvas Roll,,,RUSTY-SHADE-CANVAS-ROLL-53X72,,,Printful,,,,not stocked,not stocked
rusty-shade,Rusty Shade,Size,24x36,Print Type,Gallery Wrapped Canvas,,,RUSTY-SHADE-GALLERY-WRAPPED-CANVAS-24X36,,,170 Avenue F,,,,150,150
rusty-shade,Rusty Shade,Size,24x36,Print Type,Gallery Wrapped Canvas,,,RUSTY-SHADE-GALLERY-WRAPPED-CANVAS-24X36,,,Printful,,,,not stocked,not stocked
rusty-shade,Rusty Shade,Size,36x48,Print Type,Gallery Wrapped Canvas,,,RUSTY-SHADE-GALLERY-WRAPPED-CANVAS-36X48,,,170 Avenue F,,,,105,105
rusty-shade,Rusty Shade,Size,36x48,Print Type,Gallery Wrapped Canvas,,,RUSTY-SHADE-GALLERY-WRAPPED-CANVAS-36X48,,,Printful,,,,not stocked,not stocked
rusty-shade,Rusty Shade,Size,53x72,Print Type,Gallery Wrapped Canvas,,,RUSTY-SHADE-GALLERY-WRAPPED-CANVAS-53X72,,,170 Avenue F,,,,45,45
rusty-shade,Rusty Shade,Size,53x72,Print Type,Gallery Wrapped Canvas,,,RUSTY-SHADE-GALLERY-WRAPPED-CANVAS-53X72,,,Printful,,,,not stocked,not stocked
space-form-no1,Space Form No1,Size,24x36,Print Type,Canvas Roll,,,SPACE-FORM-NO1-CANVAS-ROLL-24X36,,,170 Avenue F,,,,150,150
space-form-no1,Space Form No1,Size,24x36,Print Type,Canvas Roll,,,SPACE-FORM-NO1-CANVAS-ROLL-24X36,,,Printful,,,,not stocked,not stocked
space-form-no1,Space Form No1,Size,36x48,Print Type,Canvas Roll,,,SPACE-FORM-NO1-CANVAS-ROLL-36X48,,,170 Avenue F,,,,105,105
space-form-no1,Space Form No1,Size,36x48,Print Type,Canvas Roll,,,SPACE-FORM-NO1-CANVAS-ROLL-36X48,,,Printful,,,,not stocked,not stocked
space-form-no1,Space Form No1,Size,53x72,Print Type,Canvas Roll,,,SPACE-FORM-NO1-CANVAS-ROLL-53X72,,,170 Avenue F,,,,45,45
space-form-no1,Space Form No1,Size,53x72,Print Type,Canvas Roll,,,SPACE-FORM-NO1-CANVAS-ROLL-53X72,,,Printful,,,,not stocked,not stocked
space-form-no1,Space Form No1,Size,24x36,Print Type,Gallery Wrapped Canvas,,,SPACE-FORM-NO1-GALLERY-WRAPPED-CANVAS-24X36,,,170 Avenue F,,,,150,150
space-form-no1,Space Form No1,Size,24x36,Print Type,Gallery Wrapped Canvas,,,SPACE-FORM-NO1-GALLERY-WRAPPED-CANVAS-24X36,,,Printful,,,,not stocked,not stocked
space-form-no1,Space Form No1,Size,36x48,Print Type,Gallery Wrapped Canvas,,,SPACE-FORM-NO1-GALLERY-WRAPPED-CANVAS-36X48,,,170 Avenue F,,,,105,105
space-form-no1,Space Form No1,Size,36x48,Print Type,Gallery Wrapped Canvas,,,SPACE-FORM-NO1-GALLERY-WRAPPED-CANVAS-36X48,,,Printful,,,,not stocked,not stocked
space-form-no1,Space Form No1,Size,53x72,Print Type,Gallery Wrapped Canvas,,,SPACE-FORM-NO1-GALLERY-WRAPPED-CANVAS-53X72,,,170 Avenue F,,,,45,45
space-form-no1,Space Form No1,Size,53x72,Print Type,Gallery Wrapped Canvas,,,SPACE-FORM-NO1-GALLERY-WRAPPED-CANVAS-53X72,,,Printful,,,,not stocked,not stocked
space-form-no2,Space Form No2,Size,24x36,Print Type,Canvas Roll,,,SPACE-FORM-NO2-CANVAS-ROLL-24X36,,,170 Avenue F,,,,150,150
space-form-no2,Space Form No2,Size,24x36,Print Type,Canvas Roll,,,SPACE-FORM-NO2-CANVAS-ROLL-24X36,,,Printful,,,,not stocked,not stocked
space-form-no2,Space Form No2,Size,36x48,Print Type,Canvas Roll,,,SPACE-FORM-NO2-CANVAS-ROLL-36X48,,,170 Avenue F,,,,105,105
space-form-no2,Space Form No2,Size,36x48,Print Type,Canvas Roll,,,SPACE-FORM-NO2-CANVAS-ROLL-36X48,,,Printful,,,,not stocked,not stocked
space-form-no2,Space Form No2,Size,53x72,Print Type,Canvas Roll,,,SPACE-FORM-NO2-CANVAS-ROLL-53X72,,,170 Avenue F,,,,45,45
space-form-no2,Space Form No2,Size,53x72,Print Type,Canvas Roll,,,SPACE-FORM-NO2-CANVAS-ROLL-53X72,,,Printful,,,,not stocked,not stocked
space-form-no2,Space Form No2,Size,24x36,Print Type,Gallery Wrapped Canvas,,,SPACE-FORM-NO2-GALLERY-WRAPPED-CANVAS-24X36,,,170 Avenue F,,,,150,150
space-form-no2,Space Form No2,Size,24x36,Print Type,Gallery Wrapped Canvas,,,SPACE-FORM-NO2-GALLERY-WRAPPED-CANVAS-24X36,,,Printful,,,,not stocked,not stocked
space-form-no2,Space Form No2,Size,36x48,Print Type,Gallery Wrapped Canvas,,,SPACE-FORM-NO2-GALLERY-WRAPPED-CANVAS-36X48,,,170 Avenue F,,,,105,105
space-form-no2,Space Form No2,Size,36x48,Print Type,Gallery Wrapped Canvas,,,SPACE-FORM-NO2-GALLERY-WRAPPED-CANVAS-36X48,,,Printful,,,,not stocked,not stocked
space-form-no2,Space Form No2,Size,53x72,Print Type,Gallery Wrapped Canvas,,,SPACE-FORM-NO2-GALLERY-WRAPPED-CANVAS-53X72,,,170 Avenue F,,,,45,45
space-form-no2,Space Form No2,Size,53x72,Print Type,Gallery Wrapped Canvas,,,SPACE-FORM-NO2-GALLERY-WRAPPED-CANVAS-53X72,,,Printful,,,,not stocked,not stocked
space-form-no3,Space Form No3,Size,24x36,Print Type,Canvas Roll,,,SPACE-FORM-NO3-CANVAS-ROLL-24X36,,,170 Avenue F,,,,150,150
space-form-no3,Space Form No3,Size,24x36,Print Type,Canvas Roll,,,SPACE-FORM-NO3-CANVAS-ROLL-24X36,,,Printful,,,,not stocked,not stocked
space-form-no3,Space Form No3,Size,36x48,Print Type,Canvas Roll,,,SPACE-FORM-NO3-CANVAS-ROLL-36X48,,,170 Avenue F,,,,105,105
space-form-no3,Space Form No3,Size,36x48,Print Type,Canvas Roll,,,SPACE-FORM-NO3-CANVAS-ROLL-36X48,,,Printful,,,,not stocked,not stocked
space-form-no3,Space Form No3,Size,53x72,Print Type,Canvas Roll,,,SPACE-FORM-NO3-CANVAS-ROLL-53X72,,,170 Avenue F,,,,45,45
space-form-no3,Space Form No3,Size,53x72,Print Type,Canvas Roll,,,SPACE-FORM-NO3-CANVAS-ROLL-53X72,,,Printful,,,,not stocked,not stocked
space-form-no3,Space Form No3,Size,24x36,Print Type,Gallery Wrapped Canvas,,,SPACE-FORM-NO3-GALLERY-WRAPPED-CANVAS-24X36,,,170 Avenue F,,,,150,150
space-form-no3,Space Form No3,Size,24x36,Print Type,Gallery Wrapped Canvas,,,SPACE-FORM-NO3-GALLERY-WRAPPED-CANVAS-24X36,,,Printful,,,,not stocked,not stocked
space-form-no3,Space Form No3,Size,36x48,Print Type,Gallery Wrapped Canvas,,,SPACE-FORM-NO3-GALLERY-WRAPPED-CANVAS-36X48,,,170 Avenue F,,,,105,105
space-form-no3,Space Form No3,Size,36x48,Print Type,Gallery Wrapped Canvas,,,SPACE-FORM-NO3-GALLERY-WRAPPED-CANVAS-36X48,,,Printful,,,,not stocked,not stocked
space-form-no3,Space Form No3,Size,53x72,Print Type,Gallery Wrapped Canvas,,,SPACE-FORM-NO3-GALLERY-WRAPPED-CANVAS-53X72,,,170 Avenue F,,,,45,45
space-form-no3,Space Form No3,Size,53x72,Print Type,Gallery Wrapped Canvas,,,SPACE-FORM-NO3-GALLERY-WRAPPED-CANVAS-53X72,,,Printful,,,,not stocked,not stocked
structured-noir-no1,Structured Noir No1,Size,24x36,Print Type,Canvas Roll,,,STRUCTURED-NOIR-NO1-CANVAS-ROLL-24X36,,,170 Avenue F,,,,150,150
structured-noir-no1,Structured Noir No1,Size,24x36,Print Type,Canvas Roll,,,STRUCTURED-NOIR-NO1-CANVAS-ROLL-24X36,,,Printful,,,,not stocked,not stocked
structured-noir-no1,Structured Noir No1,Size,36x48,Print Type,Canvas Roll,,,STRUCTURED-NOIR-NO1-CANVAS-ROLL-36X48,,,170 Avenue F,,,,105,105
structured-noir-no1,Structured Noir No1,Size,36x48,Print Type,Canvas Roll,,,STRUCTURED-NOIR-NO1-CANVAS-ROLL-36X48,,,Printful,,,,not stocked,not stocked
structured-noir-no1,Structured Noir No1,Size,53x72,Print Type,Canvas Roll,,,STRUCTURED-NOIR-NO1-CANVAS-ROLL-53X72,,,170 Avenue F,,,,45,45
structured-noir-no1,Structured Noir No1,Size,53x72,Print Type,Canvas Roll,,,STRUCTURED-NOIR-NO1-CANVAS-ROLL-53X72,,,Printful,,,,not stocked,not stocked
structured-noir-no1,Structured Noir No1,Size,24x36,Print Type,Gallery Wrapped Canvas,,,STRUCTURED-NOIR-NO1-GALLERY-WRAPPED-CANVAS-24X36,,,170 Avenue F,,,,150,150
structured-noir-no1,Structured Noir No1,Size,24x36,Print Type,Gallery Wrapped Canvas,,,STRUCTURED-NOIR-NO1-GALLERY-WRAPPED-CANVAS-24X36,,,Printful,,,,not stocked,not stocked
structured-noir-no1,Structured Noir No1,Size,36x48,Print Type,Gallery Wrapped Canvas,,,STRUCTURED-NOIR-NO1-GALLERY-WRAPPED-CANVAS-36X48,,,170 Avenue F,,,,105,105
structured-noir-no1,Structured Noir No1,Size,36x48,Print Type,Gallery Wrapped Canvas,,,STRUCTURED-NOIR-NO1-GALLERY-WRAPPED-CANVAS-36X48,,,Printful,,,,not stocked,not stocked
structured-noir-no1,Structured Noir No1,Size,53x72,Print Type,Gallery Wrapped Canvas,,,STRUCTURED-NOIR-NO1-GALLERY-WRAPPED-CANVAS-53X72,,,170 Avenue F,,,,45,45
structured-noir-no1,Structured Noir No1,Size,53x72,Print Type,Gallery Wrapped Canvas,,,STRUCTURED-NOIR-NO1-GALLERY-WRAPPED-CANVAS-53X72,,,Printful,,,,not stocked,not stocked
structured-noir-no2,Structured Noir No2,Size,24x36,Print Type,Canvas Roll,,,STRUCTURED-NOIR-NO2-CANVAS-ROLL-24X36,,,170 Avenue F,,,,150,150
structured-noir-no2,Structured Noir No2,Size,24x36,Print Type,Canvas Roll,,,STRUCTURED-NOIR-NO2-CANVAS-ROLL-24X36,,,Printful,,,,not stocked,not stocked
structured-noir-no2,Structured Noir No2,Size,36x48,Print Type,Canvas Roll,,,STRUCTURED-NOIR-NO2-CANVAS-ROLL-36X48,,,170 Avenue F,,,,105,105
structured-noir-no2,Structured Noir No2,Size,36x48,Print Type,Canvas Roll,,,STRUCTURED-NOIR-NO2-CANVAS-ROLL-36X48,,,Printful,,,,not stocked,not stocked
structured-noir-no2,Structured Noir No2,Size,53x72,Print Type,Canvas Roll,,,STRUCTURED-NOIR-NO2-CANVAS-ROLL-53X72,,,170 Avenue F,,,,45,45
structured-noir-no2,Structured Noir No2,Size,53x72,Print Type,Canvas Roll,,,STRUCTURED-NOIR-NO2-CANVAS-ROLL-53X72,,,Printful,,,,not stocked,not stocked
structured-noir-no2,Structured Noir No2,Size,24x36,Print Type,Gallery Wrapped Canvas,,,STRUCTURED-NOIR-NO2-GALLERY-WRAPPED-CANVAS-24X36,,,170 Avenue F,,,,150,150
structured-noir-no2,Structured Noir No2,Size,24x36,Print Type,Gallery Wrapped Canvas,,,STRUCTURED-NOIR-NO2-GALLERY-WRAPPED-CANVAS-24X36,,,Printful,,,,not stocked,not stocked
structured-noir-no2,Structured Noir No2,Size,36x48,Print Type,Gallery Wrapped Canvas,,,STRUCTURED-NOIR-NO2-GALLERY-WRAPPED-CANVAS-36X48,,,170 Avenue F,,,,105,105
structured-noir-no2,Structured Noir No2,Size,36x48,Print Type,Gallery Wrapped Canvas,,,STRUCTURED-NOIR-NO2-GALLERY-WRAPPED-CANVAS-36X48,,,Printful,,,,not stocked,not stocked
structured-noir-no2,Structured Noir No2,Size,53x72,Print Type,Gallery Wrapped Canvas,,,STRUCTURED-NOIR-NO2-GALLERY-WRAPPED-CANVAS-53X72,,,170 Avenue F,,,,45,45
structured-noir-no2,Structured Noir No2,Size,53x72,Print Type,Gallery Wrapped Canvas,,,STRUCTURED-NOIR-NO2-GALLERY-WRAPPED-CANVAS-53X72,,,Printful,,,,not stocked,not stocked
teal-earth,Teal Earth,Size,24x36,Print Type,Canvas Roll,,,TEAL-EARTH-CANVAS-ROLL-24X36,,,170 Avenue F,,,,150,150
teal-earth,Teal Earth,Size,24x36,Print Type,Canvas Roll,,,TEAL-EARTH-CANVAS-ROLL-24X36,,,Printful,,,,not stocked,not stocked
teal-earth,Teal Earth,Size,36x48,Print Type,Canvas Roll,,,TEAL-EARTH-CANVAS-ROLL-36X48,,,170 Avenue F,,,,105,105
teal-earth,Teal Earth,Size,36x48,Print Type,Canvas Roll,,,TEAL-EARTH-CANVAS-ROLL-36X48,,,Printful,,,,not stocked,not stocked
teal-earth,Teal Earth,Size,53x72,Print Type,Canvas Roll,,,TEAL-EARTH-CANVAS-ROLL-53X72,,,170 Avenue F,,,,45,45
teal-earth,Teal Earth,Size,53x72,Print Type,Canvas Roll,,,TEAL-EARTH-CANVAS-ROLL-53X72,,,Printful,,,,not stocked,not stocked
teal-earth,Teal Earth,Size,24x36,Print Type,Gallery Wrapped Canvas,,,TEAL-EARTH-GALLERY-WRAPPED-CANVAS-24X36,,,170 Avenue F,,,,150,150
teal-earth,Teal Earth,Size,24x36,Print Type,Gallery Wrapped Canvas,,,TEAL-EARTH-GALLERY-WRAPPED-CANVAS-24X36,,,Printful,,,,not stocked,not stocked
teal-earth,Teal Earth,Size,36x48,Print Type,Gallery Wrapped Canvas,,,TEAL-EARTH-GALLERY-WRAPPED-CANVAS-36X48,,,170 Avenue F,,,,105,105
teal-earth,Teal Earth,Size,36x48,Print Type,Gallery Wrapped Canvas,,,TEAL-EARTH-GALLERY-WRAPPED-CANVAS-36X48,,,Printful,,,,not stocked,not stocked
teal-earth,Teal Earth,Size,53x72,Print Type,Gallery Wrapped Canvas,,,TEAL-EARTH-GALLERY-WRAPPED-CANVAS-53X72,,,170 Avenue F,,,,45,45
teal-earth,Teal Earth,Size,53x72,Print Type,Gallery Wrapped Canvas,,,TEAL-EARTH-GALLERY-WRAPPED-CANVAS-53X72,,,Printful,,,,not stocked,not stocked
teal-kimono,Teal Kimono,Size,24x36,Print Type,Canvas Roll,,,TEAL-KIMONO-CANVAS-ROLL-24X36,,,170 Avenue F,,,,150,150
teal-kimono,Teal Kimono,Size,24x36,Print Type,Canvas Roll,,,TEAL-KIMONO-CANVAS-ROLL-24X36,,,Printful,,,,not stocked,not stocked
teal-kimono,Teal Kimono,Size,36x48,Print Type,Canvas Roll,,,TEAL-KIMONO-CANVAS-ROLL-36X48,,,170 Avenue F,,,,105,105
teal-kimono,Teal Kimono,Size,36x48,Print Type,Canvas Roll,,,TEAL-KIMONO-CANVAS-ROLL-36X48,,,Printful,,,,not stocked,not stocked
teal-kimono,Teal Kimono,Size,53x72,Print Type,Canvas Roll,,,TEAL-KIMONO-CANVAS-ROLL-53X72,,,170 Avenue F,,,,45,45
teal-kimono,Teal Kimono,Size,53x72,Print Type,Canvas Roll,,,TEAL-KIMONO-CANVAS-ROLL-53X72,,,Printful,,,,not stocked,not stocked
teal-kimono,Teal Kimono,Size,24x36,Print Type,Gallery Wrapped Canvas,,,TEAL-KIMONO-GALLERY-WRAPPED-CANVAS-24X36,,,170 Avenue F,,,,150,150
teal-kimono,Teal Kimono,Size,24x36,Print Type,Gallery Wrapped Canvas,,,TEAL-KIMONO-GALLERY-WRAPPED-CANVAS-24X36,,,Printful,,,,not stocked,not stocked
teal-kimono,Teal Kimono,Size,36x48,Print Type,Gallery Wrapped Canvas,,,TEAL-KIMONO-GALLERY-WRAPPED-CANVAS-36X48,,,170 Avenue F,,,,105,105
teal-kimono,Teal Kimono,Size,36x48,Print Type,Gallery Wrapped Canvas,,,TEAL-KIMONO-GALLERY-WRAPPED-CANVAS-36X48,,,Printful,,,,not stocked,not stocked
teal-kimono,Teal Kimono,Size,53x72,Print Type,Gallery Wrapped Canvas,,,TEAL-KIMONO-GALLERY-WRAPPED-CANVAS-53X72,,,170 Avenue F,,,,45,45
teal-kimono,Teal Kimono,Size,53x72,Print Type,Gallery Wrapped Canvas,,,TEAL-KIMONO-GALLERY-WRAPPED-CANVAS-53X72,,,Printful,,,,not stocked,not stocked
textured-noir-no1,Textured Noir No1,Size,24x36,Print Type,Canvas Roll,,,TEXTURED-NOIR-NO1-CANVAS-ROLL-24X36,,,170 Avenue F,,,,150,150
textured-noir-no1,Textured Noir No1,Size,24x36,Print Type,Canvas Roll,,,TEXTURED-NOIR-NO1-CANVAS-ROLL-24X36,,,Printful,,,,not stocked,not stocked
textured-noir-no1,Textured Noir No1,Size,36x48,Print Type,Canvas Roll,,,TEXTURED-NOIR-NO1-CANVAS-ROLL-36X48,,,170 Avenue F,,,,105,105
textured-noir-no1,Textured Noir No1,Size,36x48,Print Type,Canvas Roll,,,TEXTURED-NOIR-NO1-CANVAS-ROLL-36X48,,,Printful,,,,not stocked,not stocked
textured-noir-no1,Textured Noir No1,Size,53x72,Print Type,Canvas Roll,,,TEXTURED-NOIR-NO1-CANVAS-ROLL-53X72,,,170 Avenue F,,,,45,45
textured-noir-no1,Textured Noir No1,Size,53x72,Print Type,Canvas Roll,,,TEXTURED-NOIR-NO1-CANVAS-ROLL-53X72,,,Printful,,,,not stocked,not stocked
textured-noir-no1,Textured Noir No1,Size,24x36,Print Type,Gallery Wrapped Canvas,,,TEXTURED-NOIR-NO1-GALLERY-WRAPPED-CANVAS-24X36,,,170 Avenue F,,,,150,150
textured-noir-no1,Textured Noir No1,Size,24x36,Print Type,Gallery Wrapped Canvas,,,TEXTURED-NOIR-NO1-GALLERY-WRAPPED-CANVAS-24X36,,,Printful,,,,not stocked,not stocked
textured-noir-no1,Textured Noir No1,Size,36x48,Print Type,Gallery Wrapped Canvas,,,TEXTURED-NOIR-NO1-GALLERY-WRAPPED-CANVAS-36X48,,,170 Avenue F,,,,105,105
textured-noir-no1,Textured Noir No1,Size,36x48,Print Type,Gallery Wrapped Canvas,,,TEXTURED-NOIR-NO1-GALLERY-WRAPPED-CANVAS-36X48,,,Printful,,,,not stocked,not stocked
textured-noir-no1,Textured Noir No1,Size,53x72,Print Type,Gallery Wrapped Canvas,,,TEXTURED-NOIR-NO1-GALLERY-WRAPPED-CANVAS-53X72,,,170 Avenue F,,,,45,45
textured-noir-no1,Textured Noir No1,Size,53x72,Print Type,Gallery Wrapped Canvas,,,TEXTURED-NOIR-NO1-GALLERY-WRAPPED-CANVAS-53X72,,,Printful,,,,not stocked,not stocked
textured-royal-no1,Textured Royal No1,Size,24x36,Print Type,Canvas Roll,,,TEXTURED-ROYAL-NO1-CANVAS-ROLL-24X36,,,170 Avenue F,,,,150,150
textured-royal-no1,Textured Royal No1,Size,24x36,Print Type,Canvas Roll,,,TEXTURED-ROYAL-NO1-CANVAS-ROLL-24X36,,,Printful,,,,not stocked,not stocked
textured-royal-no1,Textured Royal No1,Size,36x48,Print Type,Canvas Roll,,,TEXTURED-ROYAL-NO1-CANVAS-ROLL-36X48,,,170 Avenue F,,,,105,105
textured-royal-no1,Textured Royal No1,Size,36x48,Print Type,Canvas Roll,,,TEXTURED-ROYAL-NO1-CANVAS-ROLL-36X48,,,Printful,,,,not stocked,not stocked
textured-royal-no1,Textured Royal No1,Size,53x72,Print Type,Canvas Roll,,,TEXTURED-ROYAL-NO1-CANVAS-ROLL-53X72,,,170 Avenue F,,,,45,45
textured-royal-no1,Textured Royal No1,Size,53x72,Print Type,Canvas Roll,,,TEXTURED-ROYAL-NO1-CANVAS-ROLL-53X72,,,Printful,,,,not stocked,not stocked
textured-royal-no1,Textured Royal No1,Size,24x36,Print Type,Gallery Wrapped Canvas,,,TEXTURED-ROYAL-NO1-GALLERY-WRAPPED-CANVAS-24X36,,,170 Avenue F,,,,150,150
textured-royal-no1,Textured Royal No1,Size,24x36,Print Type,Gallery Wrapped Canvas,,,TEXTURED-ROYAL-NO1-GALLERY-WRAPPED-CANVAS-24X36,,,Printful,,,,not stocked,not stocked
textured-royal-no1,Textured Royal No1,Size,36x48,Print Type,Gallery Wrapped Canvas,,,TEXTURED-ROYAL-NO1-GALLERY-WRAPPED-CANVAS-36X48,,,170 Avenue F,,,,105,105
textured-royal-no1,Textured Royal No1,Size,36x48,Print Type,Gallery Wrapped Canvas,,,TEXTURED-ROYAL-NO1-GALLERY-WRAPPED-CANVAS-36X48,,,Printful,,,,not stocked,not stocked
textured-royal-no1,Textured Royal No1,Size,53x72,Print Type,Gallery Wrapped Canvas,,,TEXTURED-ROYAL-NO1-GALLERY-WRAPPED-CANVAS-53X72,,,170 Avenue F,,,,45,45
textured-royal-no1,Textured Royal No1,Size,53x72,Print Type,Gallery Wrapped Canvas,,,TEXTURED-ROYAL-NO1-GALLERY-WRAPPED-CANVAS-53X72,,,Printful,,,,not stocked,not stocked
untiled-n011,Untiled N011,Size,24x36,Print Type,Canvas Roll,,,UNTILED-N011-CANVAS-ROLL-24X36,,,170 Avenue F,,,,150,150
untiled-n011,Untiled N011,Size,24x36,Print Type,Canvas Roll,,,UNTILED-N011-CANVAS-ROLL-24X36,,,Printful,,,,not stocked,not stocked
untiled-n011,Untiled N011,Size,36x48,Print Type,Canvas Roll,,,UNTILED-N011-CANVAS-ROLL-36X48,,,170 Avenue F,,,,105,105
untiled-n011,Untiled N011,Size,36x48,Print Type,Canvas Roll,,,UNTILED-N011-CANVAS-ROLL-36X48,,,Printful,,,,not stocked,not stocked
untiled-n011,Untiled N011,Size,53x72,Print Type,Canvas Roll,,,UNTILED-N011-CANVAS-ROLL-53X72,,,170 Avenue F,,,,45,45
untiled-n011,Untiled N011,Size,53x72,Print Type,Canvas Roll,,,UNTILED-N011-CANVAS-ROLL-53X72,,,Printful,,,,not stocked,not stocked
untiled-n011,Untiled N011,Size,24x36,Print Type,Gallery Wrapped Canvas,,,UNTILED-N011-GALLERY-WRAPPED-CANVAS-24X36,,,170 Avenue F,,,,150,150
untiled-n011,Untiled N011,Size,24x36,Print Type,Gallery Wrapped Canvas,,,UNTILED-N011-GALLERY-WRAPPED-CANVAS-24X36,,,Printful,,,,not stocked,not stocked
untiled-n011,Untiled N011,Size,36x48,Print Type,Gallery Wrapped Canvas,,,UNTILED-N011-GALLERY-WRAPPED-CANVAS-36X48,,,170 Avenue F,,,,105,105
untiled-n011,Untiled N011,Size,36x48,Print Type,Gallery Wrapped Canvas,,,UNTILED-N011-GALLERY-WRAPPED-CANVAS-36X48,,,Printful,,,,not stocked,not stocked
untiled-n011,Untiled N011,Size,53x72,Print Type,Gallery Wrapped Canvas,,,UNTILED-N011-GALLERY-WRAPPED-CANVAS-53X72,,,170 Avenue F,,,,45,45
untiled-n011,Untiled N011,Size,53x72,Print Type,Gallery Wrapped Canvas,,,UNTILED-N011-GALLERY-WRAPPED-CANVAS-53X72,,,Printful,,,,not stocked,not stocked
verdant-layers,Verdant Layers,Size,24x36,Print Type,Canvas Roll,,,VERDANT-LAYERS-CANVAS-ROLL-24X36,,,170 Avenue F,,,,150,150
verdant-layers,Verdant Layers,Size,24x36,Print Type,Canvas Roll,,,VERDANT-LAYERS-CANVAS-ROLL-24X36,,,Printful,,,,not stocked,not stocked
verdant-layers,Verdant Layers,Size,36x48,Print Type,Canvas Roll,,,VERDANT-LAYERS-CANVAS-ROLL-36X48,,,170 Avenue F,,,,105,105
verdant-layers,Verdant Layers,Size,36x48,Print Type,Canvas Roll,,,VERDANT-LAYERS-CANVAS-ROLL-36X48,,,Printful,,,,not stocked,not stocked
verdant-layers,Verdant Layers,Size,53x72,Print Type,Canvas Roll,,,VERDANT-LAYERS-CANVAS-ROLL-53X72,,,170 Avenue F,,,,45,45
verdant-layers,Verdant Layers,Size,53x72,Print Type,Canvas Roll,,,VERDANT-LAYERS-CANVAS-ROLL-53X72,,,Printful,,,,not stocked,not stocked
verdant-layers,Verdant Layers,Size,24x36,Print Type,Gallery Wrapped Canvas,,,VERDANT-LAYERS-GALLERY-WRAPPED-CANVAS-24X36,,,170 Avenue F,,,,150,150
verdant-layers,Verdant Layers,Size,24x36,Print Type,Gallery Wrapped Canvas,,,VERDANT-LAYERS-GALLERY-WRAPPED-CANVAS-24X36,,,Printful,,,,not stocked,not stocked
verdant-layers,Verdant Layers,Size,36x48,Print Type,Gallery Wrapped Canvas,,,VERDANT-LAYERS-GALLERY-WRAPPED-CANVAS-36X48,,,170 Avenue F,,,,105,105
verdant-layers,Verdant Layers,Size,36x48,Print Type,Gallery Wrapped Canvas,,,VERDANT-LAYERS-GALLERY-WRAPPED-CANVAS-36X48,,,Printful,,,,not stocked,not stocked
verdant-layers,Verdant Layers,Size,53x72,Print Type,Gallery Wrapped Canvas,,,VERDANT-LAYERS-GALLERY-WRAPPED-CANVAS-53X72,,,170 Avenue F,,,,45,45
verdant-layers,Verdant Layers,Size,53x72,Print Type,Gallery Wrapped Canvas,,,VERDANT-LAYERS-GALLERY-WRAPPED-CANVAS-53X72,,,Printful,,,,not stocked,not stocked
vista-echoes,Vista Echoes,Size,24x36,Print Type,Canvas Roll,,,VISTA-ECHOES-CANVAS-ROLL-24X36,,,170 Avenue F,,,,150,150
vista-echoes,Vista Echoes,Size,24x36,Print Type,Canvas Roll,,,VISTA-ECHOES-CANVAS-ROLL-24X36,,,Printful,,,,not stocked,not stocked
vista-echoes,Vista Echoes,Size,36x48,Print Type,Canvas Roll,,,VISTA-ECHOES-CANVAS-ROLL-36X48,,,170 Avenue F,,,,105,105
vista-echoes,Vista Echoes,Size,36x48,Print Type,Canvas Roll,,,VISTA-ECHOES-CANVAS-ROLL-36X48,,,Printful,,,,not stocked,not stocked
vista-echoes,Vista Echoes,Size,53x72,Print Type,Canvas Roll,,,VISTA-ECHOES-CANVAS-ROLL-53X72,,,170 Avenue F,,,,45,45
vista-echoes,Vista Echoes,Size,53x72,Print Type,Canvas Roll,,,VISTA-ECHOES-CANVAS-ROLL-53X72,,,Printful,,,,not stocked,not stocked
vista-echoes,Vista Echoes,Size,24x36,Print Type,Gallery Wrapped Canvas,,,VISTA-ECHOES-GALLERY-WRAPPED-CANVAS-24X36,,,170 Avenue F,,,,150,150
vista-echoes,Vista Echoes,Size,24x36,Print Type,Gallery Wrapped Canvas,,,VISTA-ECHOES-GALLERY-WRAPPED-CANVAS-24X36,,,Printful,,,,not stocked,not stocked
vista-echoes,Vista Echoes,Size,36x48,Print Type,Gallery Wrapped Canvas,,,VISTA-ECHOES-GALLERY-WRAPPED-CANVAS-36X48,,,170 Avenue F,,,,105,105
vista-echoes,Vista Echoes,Size,36x48,Print Type,Gallery Wrapped Canvas,,,VISTA-ECHOES-GALLERY-WRAPPED-CANVAS-36X48,,,Printful,,,,not stocked,not stocked
vista-echoes,Vista Echoes,Size,53x72,Print Type,Gallery Wrapped Canvas,,,VISTA-ECHOES-GALLERY-WRAPPED-CANVAS-53X72,,,170 Avenue F,,,,45,45
vista-echoes,Vista Echoes,Size,53x72,Print Type,Gallery Wrapped Canvas,,,VISTA-ECHOES-GALLERY-WRAPPED-CANVAS-53X72,,,Printful,,,,not stocked,not stocked
vivid-mosaic-no1,Vivid Mosaic No1,Size,24x36,Print Type,Canvas Roll,,,VIVID-MOSAIC-NO1-CANVAS-ROLL-24X36,,,170 Avenue F,,,,150,150
vivid-mosaic-no1,Vivid Mosaic No1,Size,24x36,Print Type,Canvas Roll,,,VIVID-MOSAIC-NO1-CANVAS-ROLL-24X36,,,Printful,,,,not stocked,not stocked
vivid-mosaic-no1,Vivid Mosaic No1,Size,36x48,Print Type,Canvas Roll,,,VIVID-MOSAIC-NO1-CANVAS-ROLL-36X48,,,170 Avenue F,,,,105,105
vivid-mosaic-no1,Vivid Mosaic No1,Size,36x48,Print Type,Canvas Roll,,,VIVID-MOSAIC-NO1-CANVAS-ROLL-36X48,,,Printful,,,,not stocked,not stocked
vivid-mosaic-no1,Vivid Mosaic No1,Size,53x72,Print Type,Canvas Roll,,,VIVID-MOSAIC-NO1-CANVAS-ROLL-53X72,,,170 Avenue F,,,,45,45
vivid-mosaic-no1,Vivid Mosaic No1,Size,53x72,Print Type,Canvas Roll,,,VIVID-MOSAIC-NO1-CANVAS-ROLL-53X72,,,Printful,,,,not stocked,not stocked
vivid-mosaic-no1,Vivid Mosaic No1,Size,24x36,Print Type,Gallery Wrapped Canvas,,,VIVID-MOSAIC-NO1-GALLERY-WRAPPED-CANVAS-24X36,,,170 Avenue F,,,,150,150
vivid-mosaic-no1,Vivid Mosaic No1,Size,24x36,Print Type,Gallery Wrapped Canvas,,,VIVID-MOSAIC-NO1-GALLERY-WRAPPED-CANVAS-24X36,,,Printful,,,,not stocked,not stocked
vivid-mosaic-no1,Vivid Mosaic No1,Size,36x48,Print Type,Gallery Wrapped Canvas,,,VIVID-MOSAIC-NO1-GALLERY-WRAPPED-CANVAS-36X48,,,170 Avenue F,,,,105,105
vivid-mosaic-no1,Vivid Mosaic No1,Size,36x48,Print Type,Gallery Wrapped Canvas,,,VIVID-MOSAIC-NO1-GALLERY-WRAPPED-CANVAS-36X48,,,Printful,,,,not stocked,not stocked
vivid-mosaic-no1,Vivid Mosaic No1,Size,53x72,Print Type,Gallery Wrapped Canvas,,,VIVID-MOSAIC-NO1-GALLERY-WRAPPED-CANVAS-53X72,,,170 Avenue F,,,,45,45
vivid-mosaic-no1,Vivid Mosaic No1,Size,53x72,Print Type,Gallery Wrapped Canvas,,,VIVID-MOSAIC-NO1-GALLERY-WRAPPED-CANVAS-53X72,,,Printful,,,,not stocked,not stocked
vivid-mosaic-no2,Vivid Mosaic No2,Size,24x36,Print Type,Canvas Roll,,,VIVID-MOSAIC-NO2-CANVAS-ROLL-24X36,,,170 Avenue F,,,,150,150
vivid-mosaic-no2,Vivid Mosaic No2,Size,24x36,Print Type,Canvas Roll,,,VIVID-MOSAIC-NO2-CANVAS-ROLL-24X36,,,Printful,,,,not stocked,not stocked
vivid-mosaic-no2,Vivid Mosaic No2,Size,36x48,Print Type,Canvas Roll,,,VIVID-MOSAIC-NO2-CANVAS-ROLL-36X48,,,170 Avenue F,,,,105,105
vivid-mosaic-no2,Vivid Mosaic No2,Size,36x48,Print Type,Canvas Roll,,,VIVID-MOSAIC-NO2-CANVAS-ROLL-36X48,,,Printful,,,,not stocked,not stocked
vivid-mosaic-no2,Vivid Mosaic No2,Size,53x72,Print Type,Canvas Roll,,,VIVID-MOSAIC-NO2-CANVAS-ROLL-53X72,,,170 Avenue F,,,,45,45
vivid-mosaic-no2,Vivid Mosaic No2,Size,53x72,Print Type,Canvas Roll,,,VIVID-MOSAIC-NO2-CANVAS-ROLL-53X72,,,Printful,,,,not stocked,not stocked
vivid-mosaic-no2,Vivid Mosaic No2,Size,24x36,Print Type,Gallery Wrapped Canvas,,,VIVID-MOSAIC-NO2-GALLERY-WRAPPED-CANVAS-24X36,,,170 Avenue F,,,,150,150
vivid-mosaic-no2,Vivid Mosaic No2,Size,24x36,Print Type,Gallery Wrapped Canvas,,,VIVID-MOSAIC-NO2-GALLERY-WRAPPED-CANVAS-24X36,,,Printful,,,,not stocked,not stocked
vivid-mosaic-no2,Vivid Mosaic No2,Size,36x48,Print Type,Gallery Wrapped Canvas,,,VIVID-MOSAIC-NO2-GALLERY-WRAPPED-CANVAS-36X48,,,170 Avenue F,,,,105,105
vivid-mosaic-no2,Vivid Mosaic No2,Size,36x48,Print Type,Gallery Wrapped Canvas,,,VIVID-MOSAIC-NO2-GALLERY-WRAPPED-CANVAS-36X48,,,Printful,,,,not stocked,not stocked
vivid-mosaic-no2,Vivid Mosaic No2,Size,53x72,Print Type,Gallery Wrapped Canvas,,,VIVID-MOSAIC-NO2-GALLERY-WRAPPED-CANVAS-53X72,,,170 Avenue F,,,,45,45
vivid-mosaic-no2,Vivid Mosaic No2,Size,53x72,Print Type,Gallery Wrapped Canvas,,,VIVID-MOSAIC-NO2-GALLERY-WRAPPED-CANVAS-53X72,,,Printful,,,,not stocked,not stocked
vivid-mosaic-no3,Vivid Mosaic No3,Size,24x36,Print Type,Canvas Roll,,,VIVID-MOSAIC-NO3-CANVAS-ROLL-24X36,,,170 Avenue F,,,,150,150
vivid-mosaic-no3,Vivid Mosaic No3,Size,24x36,Print Type,Canvas Roll,,,VIVID-MOSAIC-NO3-CANVAS-ROLL-24X36,,,Printful,,,,not stocked,not stocked
vivid-mosaic-no3,Vivid Mosaic No3,Size,36x48,Print Type,Canvas Roll,,,VIVID-MOSAIC-NO3-CANVAS-ROLL-36X48,,,170 Avenue F,,,,105,105
vivid-mosaic-no3,Vivid Mosaic No3,Size,36x48,Print Type,Canvas Roll,,,VIVID-MOSAIC-NO3-CANVAS-ROLL-36X48,,,Printful,,,,not stocked,not stocked
vivid-mosaic-no3,Vivid Mosaic No3,Size,53x72,Print Type,Canvas Roll,,,VIVID-MOSAIC-NO3-CANVAS-ROLL-53X72,,,170 Avenue F,,,,45,45
vivid-mosaic-no3,Vivid Mosaic No3,Size,53x72,Print Type,Canvas Roll,,,VIVID-MOSAIC-NO3-CANVAS-ROLL-53X72,,,Printful,,,,not stocked,not stocked
vivid-mosaic-no3,Vivid Mosaic No3,Size,24x36,Print Type,Gallery Wrapped Canvas,,,VIVID-MOSAIC-NO3-GALLERY-WRAPPED-CANVAS-24X36,,,170 Avenue F,,,,150,150
vivid-mosaic-no3,Vivid Mosaic No3,Size,24x36,Print Type,Gallery Wrapped Canvas,,,VIVID-MOSAIC-NO3-GALLERY-WRAPPED-CANVAS-24X36,,,Printful,,,,not stocked,not stocked
vivid-mosaic-no3,Vivid Mosaic No3,Size,36x48,Print Type,Gallery Wrapped Canvas,,,VIVID-MOSAIC-NO3-GALLERY-WRAPPED-CANVAS-36X48,,,170 Avenue F,,,,105,105
vivid-mosaic-no3,Vivid Mosaic No3,Size,36x48,Print Type,Gallery Wrapped Canvas,,,VIVID-MOSAIC-NO3-GALLERY-WRAPPED-CANVAS-36X48,,,Printful,,,,not stocked,not stocked
vivid-mosaic-no3,Vivid Mosaic No3,Size,53x72,Print Type,Gallery Wrapped Canvas,,,VIVID-MOSAIC-NO3-GALLERY-WRAPPED-CANVAS-53X72,,,170 Avenue F,,,,45,45
vivid-mosaic-no3,Vivid Mosaic No3,Size,53x72,Print Type,Gallery Wrapped Canvas,,,VIVID-MOSAIC-NO3-GALLERY-WRAPPED-CANVAS-53X72,,,Printful,,,,not stocked,not stocked
vivid-mosaic-no5,Vivid Mosaic No5,Size,24x36,Print Type,Canvas Roll,,,VIVID-MOSAIC-NO5-CANVAS-ROLL-24X36,,,170 Avenue F,,,,150,150
vivid-mosaic-no5,Vivid Mosaic No5,Size,24x36,Print Type,Canvas Roll,,,VIVID-MOSAIC-NO5-CANVAS-ROLL-24X36,,,Printful,,,,not stocked,not stocked
vivid-mosaic-no5,Vivid Mosaic No5,Size,36x48,Print Type,Canvas Roll,,,VIVID-MOSAIC-NO5-CANVAS-ROLL-36X48,,,170 Avenue F,,,,105,105
vivid-mosaic-no5,Vivid Mosaic No5,Size,36x48,Print Type,Canvas Roll,,,VIVID-MOSAIC-NO5-CANVAS-ROLL-36X48,,,Printful,,,,not stocked,not stocked
vivid-mosaic-no5,Vivid Mosaic No5,Size,53x72,Print Type,Canvas Roll,,,VIVID-MOSAIC-NO5-CANVAS-ROLL-53X72,,,170 Avenue F,,,,45,45
vivid-mosaic-no5,Vivid Mosaic No5,Size,53x72,Print Type,Canvas Roll,,,VIVID-MOSAIC-NO5-CANVAS-ROLL-53X72,,,Printful,,,,not stocked,not stocked
vivid-mosaic-no5,Vivid Mosaic No5,Size,24x36,Print Type,Gallery Wrapped Canvas,,,VIVID-MOSAIC-NO5-GALLERY-WRAPPED-CANVAS-24X36,,,170 Avenue F,,,,150,150
vivid-mosaic-no5,Vivid Mosaic No5,Size,24x36,Print Type,Gallery Wrapped Canvas,,,VIVID-MOSAIC-NO5-GALLERY-WRAPPED-CANVAS-24X36,,,Printful,,,,not stocked,not stocked
vivid-mosaic-no5,Vivid Mosaic No5,Size,36x48,Print Type,Gallery Wrapped Canvas,,,VIVID-MOSAIC-NO5-GALLERY-WRAPPED-CANVAS-36X48,,,170 Avenue F,,,,105,105
vivid-mosaic-no5,Vivid Mosaic No5,Size,36x48,Print Type,Gallery Wrapped Canvas,,,VIVID-MOSAIC-NO5-GALLERY-WRAPPED-CANVAS-36X48,,,Printful,,,,not stocked,not stocked
vivid-mosaic-no5,Vivid Mosaic No5,Size,53x72,Print Type,Gallery Wrapped Canvas,,,VIVID-MOSAIC-NO5-GALLERY-WRAPPED-CANVAS-53X72,,,170 Avenue F,,,,45,45
vivid-mosaic-no5,Vivid Mosaic No5,Size,53x72,Print Type,Gallery Wrapped Canvas,,,VIVID-MOSAIC-NO5-GALLERY-WRAPPED-CANVAS-53X72,,,Printful,,,,not stocked,not stocked
vivid-mosaic-no6,Vivid Mosaic No6,Size,24x36,Print Type,Canvas Roll,,,VIVID-MOSAIC-NO6-CANVAS-ROLL-24X36,,,170 Avenue F,,,,150,150
vivid-mosaic-no6,Vivid Mosaic No6,Size,24x36,Print Type,Canvas Roll,,,VIVID-MOSAIC-NO6-CANVAS-ROLL-24X36,,,Printful,,,,not stocked,not stocked
vivid-mosaic-no6,Vivid Mosaic No6,Size,36x48,Print Type,Canvas Roll,,,VIVID-MOSAIC-NO6-CANVAS-ROLL-36X48,,,170 Avenue F,,,,105,105
vivid-mosaic-no6,Vivid Mosaic No6,Size,36x48,Print Type,Canvas Roll,,,VIVID-MOSAIC-NO6-CANVAS-ROLL-36X48,,,Printful,,,,not stocked,not stocked
vivid-mosaic-no6,Vivid Mosaic No6,Size,53x72,Print Type,Canvas Roll,,,VIVID-MOSAIC-NO6-CANVAS-ROLL-53X72,,,170 Avenue F,,,,45,45
vivid-mosaic-no6,Vivid Mosaic No6,Size,53x72,Print Type,Canvas Roll,,,VIVID-MOSAIC-NO6-CANVAS-ROLL-53X72,,,Printful,,,,not stocked,not stocked
vivid-mosaic-no6,Vivid Mosaic No6,Size,24x36,Print Type,Gallery Wrapped Canvas,,,VIVID-MOSAIC-NO6-GALLERY-WRAPPED-CANVAS-24X36,,,170 Avenue F,,,,150,150
vivid-mosaic-no6,Vivid Mosaic No6,Size,24x36,Print Type,Gallery Wrapped Canvas,,,VIVID-MOSAIC-NO6-GALLERY-WRAPPED-CANVAS-24X36,,,Printful,,,,not stocked,not stocked
vivid-mosaic-no6,Vivid Mosaic No6,Size,36x48,Print Type,Gallery Wrapped Canvas,,,VIVID-MOSAIC-NO6-GALLERY-WRAPPED-CANVAS-36X48,,,170 Avenue F,,,,105,105
vivid-mosaic-no6,Vivid Mosaic No6,Size,36x48,Print Type,Gallery Wrapped Canvas,,,VIVID-MOSAIC-NO6-GALLERY-WRAPPED-CANVAS-36X48,,,Printful,,,,not stocked,not stocked
vivid-mosaic-no6,Vivid Mosaic No6,Size,53x72,Print Type,Gallery Wrapped Canvas,,,VIVID-MOSAIC-NO6-GALLERY-WRAPPED-CANVAS-53X72,,,170 Avenue F,,,,45,45
vivid-mosaic-no6,Vivid Mosaic No6,Size,53x72,Print Type,Gallery Wrapped Canvas,,,VIVID-MOSAIC-NO6-GALLERY-WRAPPED-CANVAS-53X72,,,Printful,,,,not stocked,not stocked
vivid-mosaic-no7,Vivid Mosaic No7,Size,24x36,Print Type,Canvas Roll,,,VIVID-MOSAIC-NO7-CANVAS-ROLL-24X36,,,170 Avenue F,,,,150,150
vivid-mosaic-no7,Vivid Mosaic No7,Size,24x36,Print Type,Canvas Roll,,,VIVID-MOSAIC-NO7-CANVAS-ROLL-24X36,,,Printful,,,,not stocked,not stocked
vivid-mosaic-no7,Vivid Mosaic No7,Size,36x48,Print Type,Canvas Roll,,,VIVID-MOSAIC-NO7-CANVAS-ROLL-36X48,,,170 Avenue F,,,,105,105
vivid-mosaic-no7,Vivid Mosaic No7,Size,36x48,Print Type,Canvas Roll,,,VIVID-MOSAIC-NO7-CANVAS-ROLL-36X48,,,Printful,,,,not stocked,not stocked
vivid-mosaic-no7,Vivid Mosaic No7,Size,53x72,Print Type,Canvas Roll,,,VIVID-MOSAIC-NO7-CANVAS-ROLL-53X72,,,170 Avenue F,,,,45,45
vivid-mosaic-no7,Vivid Mosaic No7,Size,53x72,Print Type,Canvas Roll,,,VIVID-MOSAIC-NO7-CANVAS-ROLL-53X72,,,Printful,,,,not stocked,not stocked
vivid-mosaic-no7,Vivid Mosaic No7,Size,24x36,Print Type,Gallery Wrapped Canvas,,,VIVID-MOSAIC-NO7-GALLERY-WRAPPED-CANVAS-24X36,,,170 Avenue F,,,,150,150
vivid-mosaic-no7,Vivid Mosaic No7,Size,24x36,Print Type,Gallery Wrapped Canvas,,,VIVID-MOSAIC-NO7-GALLERY-WRAPPED-CANVAS-24X36,,,Printful,,,,not stocked,not stocked
vivid-mosaic-no7,Vivid Mosaic No7,Size,36x48,Print Type,Gallery Wrapped Canvas,,,VIVID-MOSAIC-NO7-GALLERY-WRAPPED-CANVAS-36X48,,,170 Avenue F,,,,105,105
vivid-mosaic-no7,Vivid Mosaic No7,Size,36x48,Print Type,Gallery Wrapped Canvas,,,VIVID-MOSAIC-NO7-GALLERY-WRAPPED-CANVAS-36X48,,,Printful,,,,not stocked,not stocked
vivid-mosaic-no7,Vivid Mosaic No7,Size,53x72,Print Type,Gallery Wrapped Canvas,,,VIVID-MOSAIC-NO7-GALLERY-WRAPPED-CANVAS-53X72,,,170 Avenue F,,,,45,45
vivid-mosaic-no7,Vivid Mosaic No7,Size,53x72,Print Type,Gallery Wrapped Canvas,,,VIVID-MOSAIC-NO7-GALLERY-WRAPPED-CANVAS-53X72,,,Printful,,,,not stocked,not stocked
